Num_Acc;catr;voie;v1;v2;circ;nbv;vosp;prof;pr;pr1;plan;lartpc;larrout;surf;infra;situ;vma
202200000001;4;TEIL(vieille route du);0;;2;2;0;1;(1);(1);1;; -1;1;0;1;50
202200000003;3;ROND POINT DE BREZILLET;0;;-1;2;0;1;0;0;1;; -1;1;5;1;50
202200000004;4;QUATORZE JUILLET (RUE DU);0;;1;1;0;2;(1);(1);1;;4;1;0;1;30
202200000005;3;ROUTE DE JEAN MOULIN-RN 538;0;;2;2;0;1;8;0;1;; -1;1;0;1;80
202200000006;3;TURCAN FRANCIS;0;;3;4;0;1;28;6;1;; -1;1;0;1;50
202200000007;4;CARNOT  RUE;0;;1;1;0;1;0;0;1;; -1;1;0;1;50
202200000008;4;JAURES JEAN (AVENUE);0;;2;2;0;1;(1);(1);1;; -1;1;0;1;30
202200000009;4;LOMBARDS (AVENUE);0;;2;3;3;1;(1);(1);1;; -1;2;0;3;50
202200000010;4;PREMIER MAI (RUE DU);0;;3;1;0;1;0;0;1;; -1;1;0;1;50
202200000011;3;ESPAGNE (ROUTE D');0;;2;2;0;2;38;522;1;; -1;2;0;4;70
202200000012;4;CASSIN (BD RENE);0;;3;2;3;1;(1);(1);1;; -1;1;0;1;50
202200000013;3;GRIVATS (ROUTE DES);0;;2;2;0;1;5;370;1;; -1;1;0;1;90
202200000014;4;GRANDE RUE;0;;2;2;0;1;0;0;3;; -1;1;0;1;80
202200000015;4;PLACE SKANDERBEG;0;;1;4;2;1;(1);(1);2;; -1;2;0;1;30
202200000016;4;RUE DE VAUGIRARD;0;;2;2;0;1;(1);(1);1;; -1;1;0;1;30
202200000017;4;BOULEVARD SAINT GERMAIN;0;;1;3;1;1;(1);(1);1;; -1;1;0;5;30
202200000018;4;RUE DE MENILMONTANT;0;;3;2;0;2;(1);(1);1;; -1;2;0;1;30
202200000019;4;AVENUE DU PRESIDENT KENNEDY;0;;2;2;0;1;(1);(1);1;; -1;1;0;1;30
202200000020;4;BOULEVARD LANNES;0;;-1;4;0;1;(1);(1);1;; -1;2;0;1;50
202200000021;4;PLACE DE LA PORTE MAILLOT;0;;2;4;0;1;(1);(1);3;; -1;2;8;1;30
202200000022;4;RUE DE LA CROIX NIVERT;0;;2;2;0;1;(1);(1);1;; -1;1;0;1;30
202200000023;4;RUE EMILE RICHARD;0;;1;1;0;1;(1);(1);1;; -1;1;0;1;30
202200000024;4;AVENUE D IVRY;0;;1;3;1;1;(1);(1);1;; -1;1;0;1;30
202200000025;4;BOULEVARD KELLERMANN;0;;2;6;1;2;(1);(1);2;; -1;2;0;5;50
202200000026;4;AVENUE DE LA PORTE DE BAGNOLET;0;;2;4;0;1;(1);(1);1;; -1;2;0;1;30
202200000027;4;RUE DE TURENNE;0;;2;2;0;1;(1);(1);1;; -1;1;0;1;30
202200000028;4;RUE THERESE;0;;1;1;0;1;(1);(1);1;; -1;1;0;1;30
202200000029;4;EDOUARD TIL (R);0;;2;1;0;1;0;0;1;; -1;2;5;1;50
202200000030;1;BRETELLE A86;0;;1;2;0;1;0;0;2;; -1;1;3;1;50
202200000031;3;FONTENAY (R DE);0;;2;2;0;1;0;0;1;; -1;2;0;1;50
202200000032;4;CARNOT (AV);0;;1;1;0;1;(1);(1);1;; -1;1;0;1;30
202200000033;3;LEDRU ROLLIN (AV);0;;2;2;0;1;1;0;1;; -1;2;9;1;50
202200000034;3;GENERAL GALLIENI (AV DU);0;;2;2;1;1;(1);(1);1;; -1;1;0;1;50
202200000035;3;GENERAL DE GAULLE (AV DU);0;;2;4;0;1;0;0;1;; -1;2;6;1;50
202200000036;3;ALI DJERMOUNI (RD PT);0;;3;1;0;1;0;0;1;; -1;2;0;1;50
202200000037;4;JULES VALLES (R);0;;2;2;0;1;0;1;1;; -1;2;0;1;50
202200000038;3;MAURICE BERTEAUX (AV);0;;2;2;0;1;0;1;1;; -1;2;0;1;50
202200000039;2;MARECHAL DE LATTRE DE TASSIGNY (AV);0;;2;4;0;1;20;530;1;; -1;1;0;1;50
202200000040;3;VAUBAN (AVENUE);0;;2;2;0;1;0;1;1;; -1;1;0;1;50
202200000041;3;ANDRE CITROEN (BOULEVARD);0;;2;3;0;1;0;1;1;; -1;2;0;1;50
202200000042;4;LEFEVRE (BOULEVARD);0;;2;2;0;1;140;0;1;; -1;2;0;1;50
202200000043;5;CITE MARCEL PAUL;0;;2;2;0;1;0;1;1;; -1;1;0;4;50
202200000044;4;ALSACE-LORRAINE (BOULEVARD);0;;3;4;0;2;1;0;1;; -1;2;5;1;50
202200000045;3;JEAN JAURES (AVENUE) (76/128);0;;3;4;3;1;0;1;1;; -1;3;1;1;50
202200000046;4;JEAN JAURES (AVENUE);0;;1;2;0;1;0;0;1;; -1;1;0;1;30
202200000047;4;CARNOT (AVENUE) DU 1-2 AU 43-46;0;;1;1;0;1;1;0;1;; -1;1;0;1;50
202200000048;3;PIERRE DE MONTREUIL S5 (RUE);0;;1;2;0;1;0;1;3;; -1;2;9;1;30
202200000049;4;LEON BLUM (AVENUE);0;;2;2;0;1;0;0;1;; -1;2;0;1;30
202200000050;3;MITRY [CD115] (ROUTE DE);0;;3;4;0;1;0;1;1;; -1;3;0;1;50
202200000052;3;910;0;;-1;1;3;1;0;0;1;; -1;2;6;4;30
202200000054;3;JARDY;0;;3;4;0;1;0;0;1;; -1;2;0;1;70
202200000056;2;13;0;;1;0;0;1;0;0;1;; -1;2;0;1;50
202200000057;3;906;0;;2;2;0;2;0;0;1;; -1;1;0;1;50
202200000061;3;75;0;;2;3;0;2;0;0;1;; -1;2;0;1;50
202200000063;3;128;0;;2;2;0;1;1;0;1;; -1;1;0;1;50
202200000064;3;67A;0;;1;1;0;1;0;0;1;; -1;2;0;1;50
202200000065;1;28;0;A;3;2;0;1;76;100;2;; -1;1;0;1;130
202200000067;2;2;0;N;1;1;0;1;29;700;1;; -1;1;0;1;50
202200000068;3;2019;-1;;2;2;0;1;2;5;1;; -1;1;0;1;50
202200000069;2;176;-1;;3;2;0;1;0;500;2;; -1;2;0;1;90
202200000070;1;28;0;A;3;4;0;1;66;800;1;; -1;1;0;1;90
202200000071;3;113;-1;;2;2;0;1;21;800;1;; -1;1;0;3;80
202200000072;3;944;-1;;2;2;0;1;35;64;1;; -1;1;0;1;90
202200000073;2;4;-1;;2;2;0;1;25;200;1;; -1;2;0;1;80
202200000074;2;44;0;N;1;1;0;2;68;400;1;; -1;1;0;3;70
202200000075;3;80;0;;2;2;0;2;38;260;2;; -1;1;0;1;80
202200000076;3;817;-1;;2;2;0;1;14;832;1;; -1;1;0;1;90
202200000077;3;RD;0;R;2;2;0;1;6;601;1;; -1;1;0;1;80
202200000078;3;40;0;;2;2;0;1;6;50;1;; -1;2;0;3;80
202200000079;3;83;-1;;2;2;0;1;2;800;1;; -1;2;0;1;80
202200000080;3;26;0;;2;2;0;1;7;0;1;; -1;2;0;1;80
202200000081;3;14;-1;;2;2;0;1;0;275;1;; -1;2;0;1;50
202200000082;3;965;0;;2;2;0;1;33;700;3;; -1;1;0;1;80
202200000084;3;212;0;;2;2;0;2;19;0;2;; -1;1;0;3;90
202200000085;3;8;0;;2;2;0;2;22;468;2;; -1;1;0;1;90
202200000087;3;67;0;D;1;1;0;1;6;247;2;; -1;1;5;1;-1
202200000089;3;173;-1;;2;2;0;1;3;300;2;; -1;1;0;1;80
202200000090;3;93;0;;2;2;0;1;42;320;1;; -1;2;0;3;80
202200000091;3;287;-1;;2;2;0;1;0;500;1;; -1;1;0;1;80
202200000092;3;919;0;;2;2;0;2;37;500;1;; -1;1;0;1;80
202200000093;3;603;-1;;2;2;0;1;1;470;1;; -1;1;9;6;80
202200000094;3;7;-1;;2;2;0;1;4;300;4;; -1;2;0;1;50
202200000095;3;1508;0;;2;2;0;1;(1);(1);1;;4;2;0;1;50
202200000096;3;739;0;D;2;2;0;1;51;155;4;;6;1;0;3;50
202200000097;2;12;-1;;2;2;0;1;19;435;1;; -1;1;0;1;80
202200000098;3;0;0;A;2;2;0;2;14;800;1;; -1;1;0;1;80
202200000100;3;734;-1;;2;2;0;1;4;1005;1;; -1;1;0;1;50
202200000101;3;901;0;D;2;2;0;1;48;430;1;; -1;2;0;1;90
202200000102;2;1;0;R;2;4;0;1;4;300;1;; -1;1;0;5;90
202200000103;3;406;0;D;2;2;0;2;22;580;1;; -1;1;0;1;50
202200000104;1;4;-1;;3;4;0;1;450;200;1;; -1;1;0;1;130
202200000105;1;65;-1;;3;4;3;1;22;700;2;; -1;1;0;8;130
202200000106;3;83;0;;2;2;0;1;2;600;1;; -1;2;0;1;80
202200000107;3;1;0;P;2;2;0;1;18;565;2;; -1;1;0;8;50
202200000108;3;952;-1;;2;2;0;1;23;650;1;; -1;1;0;1;90
202200000109;2;36;-1;;2;2;0;1;42;500;1;; -1;1;0;1;80
202200000110;7;D559;0;A;3;2;0;1;3;200;1;; -1;1;9;1;50
202200000111;7;2;0;D;2;2;0;2;30;100;4;; -1;1;0;3;80
202200000113;3;468;0;;2;2;0;1;48;880;1;; -1;2;0;3;80
202200000114;3;220;0;;2;2;0;1;6;500;3;; -1;1;5;4;50
202200000115;7;1083;-1;M;3;2;0;1;13;0;1;; -1;1;0;1;50
202200000116;3;15;-1;;2;2;0;1;42;300;1;; -1;1;2;1;50
202200000117;3;918;-1;;2;2;0;2;52;0;3;; -1;1;9;3;80
202200000118;3;1;-1;;2;2;0;1;4;636;1;;6,4;1;0;1;70
202200000119;3;109;-1;;2;2;0;1;6;400;2;; -1;2;0;1;50
202200000120;3;101;0;D;3;2;0;2;15;840;1;;7;1;0;1;50
202200000121;3;938;0;;2;2;0;1;53;645;1;; -1;1;0;1;50
202200000122;3;82;-1;;2;2;0;2;29;660;1;; -1;1;0;1;80
202200000123;1;A7-Sens Marseille vers Lyon;0;;1;3;0;1;265;0;1;; -1;1;1;1;110
202200000124;7;RD383   7.640 A 11.044;0;;2;9;0;2;8;800;1;; -1;1;0;1;70
202200000125;1;A7   8.630 A 10.992;0;;3;6;0;1;9;500;1;; -1;2;0;1;70
202200000126;2;ROUTE NATIONALE 230;0;;3;8;0;1;42;799;1;; -1;1;3;1;90
202200000127;2;ROUTE NATIONALE 230;0;;1;1;0;4;39;799;3;; -1;1;3;1;50
202200000128;2;ROUTE NATIONALE 230;0;;3;6;0;1;41;749;1;; -1;2;0;1;90
202200000129;2;RN 118;0;;1;2;0;3;15;225;1;; -1;2;2;1;70
202200000130;1;AUTOROUTE A6;0;;1;3;0;1;23;799;1;; -1;1;0;1;110
202200000131;1;AUTOROUTE A6;0;;3;3;0;1;18;760;1;; -1;2;0;1;110
202200000132;2;RN 104;0;;1;3;0;1;50;900;3;; -1;2;3;8;90
202200000133;2;RN 118;0;;1;2;0;4;2;500;3;; -1;4;0;1;90
202200000134;2;RN 118;0;;3;6;0;2;0;449;3;; -1;2;9;1;90
202200000135;1;SE A14;0;;1;3;0;1;7;0;1;; -1;2;0;1;90
202200000136;1;AUTOROUTE A1;0;;3;8;0;1;9;800;1;; -1;1;1;1;90
202200000137;1;AUTOROUTE A3;0;;3;3;0;1;7;599;1;; -1;2;0;1;70
202200000138;1;A4;0;;3;8;0;1;3;599;1;; -1;1;0;1;90
202200000139;2;RN406.W;0;;3;2;0;1;1;0;1;; -1;3;0;1;90
202200000141;4;PORTE D AUTEUIL;0;;1;1;0;1;(1);(1);1;; -1;2;0;1;70
202200000142;4;PORTE MAILLOT;0;;1;4;0;1;16;0;1;; -1;2;0;1;70
202200000143;4;PORTE DE CHAMPERRET;0;;1;4;0;1;17;200;1;; -1;2;0;1;70
202200000144;4;PORTE DAUPHINE;0;;1;4;0;1;15;100;1;; -1;2;0;1;70
202200000145;4;PORTE DE CHATILLON;0;;1;3;0;1;5;900;1;; -1;1;0;1;70
202200000146;4;BOULEVARD DU MONTPARNASSE;0;;2;2;0;1;(1);(1);2;; -1;2;0;5;30
202200000147;4;BOULEVARD DE PORT ROYAL;0;;3;4;3;1;(1);(1);1;; -1;1;0;6;30
202200000148;4;RUE ORDENER;0;;2;2;0;1;(1);(1);1;; -1;2;0;1;30
202200000149;4;AVENUE DE VILLIERS;0;;2;2;0;1;(1);(1);1;; -1;2;0;1;30
202200000150;4;PLACE VICTOR HUGO;0;;1;3;0;1;(1);(1);2;; -1;2;0;1;30
202200000151;4;ROUTE DE SURESNES;0;;2;4;0;1;(1);(1);1;; -1;2;0;1;30
202200000152;4;AVENUE DU MAINE;0;;2;4;0;2;(1);(1);1;; -1;2;0;1;30
202200000153;4;BOULEVARD DE VAUGIRARD;0;;1;2;0;1;(1);(1);1;; -1;2;0;1;30
202200000154;4;RUE D ALESIA;0;;2;2;0;1;(1);(1);1;; -1;1;6;1;30
202200000155;4;AVENUE DE CHOISY;0;;1;2;0;1;(1);(1);1;; -1;2;6;4;30
202200000156;4;BOULEVARD DE BERCY;0;;2;2;0;1;(1);(1);1;; -1;2;1;1;30
202200000157;4;RUE RICHARD LENOIR;0;;2;2;1;1;(1);(1);1;; -1;3;0;5;30
202200000158;3;VIZENS (AVENUE DE);0;;1;1;0;1;12;150;3;; -1;1;0;1;50
202200000159;4;CEDRES (RUE DES);0;;2;2;0;3;4;0;1;; -1;1;0;1;50
202200000160;4;ERIC TABARLY;0;;1;3;0;1;0;0;2;; -1;1;0;1;50
202200000161;4;DELEBECQUE (R GERMAIN);0;;2;2;0;1;(1);(1);1;; -1;1;0;1;50
202200000162;7;LILLE RUE DE;0;;2;2;0;1;(1);(1);1;; -1;1;0;1;50
202200000163;4;DELESPAUL, Barthélémy, rue;0;;2;2;2;1;(1);(1);1;; -1;1;0;1;50
202200000164;4;POISSONNERIE;0;;2;2;0;1;(1);(1);1;; -1;1;0;1;50
202200000165;4;POMPIDOU (RUE GEORGES);0;;2;2;0;1;(1);(1);1;; -1;1;0;1;50
202200000166;4;SABLES DE SARY (RUE DES);0;;1;2;0;1;(1);(1);2;; -1;1;0;1;50
202200000167;4;GUIZAY (DU);0;;2;2;0;1;(1);(1);1;; -1;1;0;1;50
202200000168;7;JOSEPH VALLIER (BOULEVARD);0;;3;4;0;1;56;1;1;; -1;1;0;1;50
202200000169;4;LOIRE (QUAI DE LA);0;;2;0;0;1;(1);(1);1;; -1;1;0;1;50
202200000170;4;MARTY JEAN BAPTISTE (PROMENADE);0;;1;1;0;1;(1);(1);1;; -1;1;0;1;30
202200000171;4;CRS DE VERDUN;0;;1;1;0;1;(1);(1);1;; -1;1;0;1;50
202200000172;4;GOSLAR (QUAI DE);0;;2;2;0;1;(1);(1);1;; -1;1;9;1;30
202200000173;3;TOULOUSE (ROUTE DE);0;;2;0;0;1;54;150;1;; -1;1;0;1;50
202200000174;1;38 LE CHAPITRE (A64);0;;1;4;0;1;285;752;3;; -1;1;0;1;90
202200000175;4;BOTTOLIER (RUE);0;;2;2;0;1;(1);(1);3;; -1;1;0;1;50
202200000176;4;CORDELIERS  AVENUE DES;0;;2;2;0;2;(1);(1);1;; -1;1;0;1;30
202200000177;4;PADOVANI ( AVE );0;;-1;2;0;1;0;9;1;; -1;1;0;1;50
202200000178;4;LACANAU (AV DE );0;;2;2;0;1;0;9;1;; -1;1;0;1;50
202200000179;4;BELSUNCE (COURS);0;;1;1;1;1;0;0;1;; -1;1;0;5;30
202200000180;4;BRETEUIL (RUE);0;;1;2;0;2;0;0;1;; -1;1;0;1;50
202200000181;3;MOULIN (RUE JEAN);0;;2;2;0;1;32;190;1;; -1;1;0;1;50
202200000182;3;SAINT HILAIRE -ROUTE DE-;0;;2;2;0;1;(1);(1);3;; -1;1;0;3;80
202200000183;4;QUAI D IVRY;0;;1;4;0;1;0;100;1;; -1;1;0;1;70
202200000184;4;RUE DES PYRENEES;0;;2;3;0;2;(1);(1);1;; -1;1;0;1;30
202200000185;4;RUE BELGRAND;0;;2;2;0;2;(1);(1);1;; -1;1;0;1;30
202200000186;4;AVENUE THEOPHILE GAUTIER;0;;2;2;0;1;(1);(1);1;; -1;1;0;1;30
202200000187;4;BOULEVARD DIDEROT;0;;1; -1;0;1;(1);(1);1;; -1;1;0;1;30
202200000188;4;RUE LA FAYETTE;0;;2;2;0;1;(1);(1);1;; -1;1;0;1;30
202200000189;4;BOULEVARD DES BATIGNOLLES;0;;1;3;3;1;(1);(1);1;; -1;1;0;1;30
202200000190;4;RUE ROQUEPINE;0;;1;1;0;1;(1);(1);1;; -1;1;0;1;30
202200000191;4;PLACE CHARLES DE GAULLE;0;;1;4;0;1;(1);(1);2;; -1;1;0;1;30
202200000192;4;RUE DU QUATRE SEPTEMBRE;0;;1;3;3;1;(1);(1);1;; -1;1;0;1;30
202200000193;4;RUE DU LOUVRE;0;;2;4;3;1;(1);(1);1;; -1;1;0;1;30
202200000194;3;FOCH (AV);0;;2;2;0;1;0;0;1;; -1;1;0;1;50
202200000195;3;CARNOT (AV);0;;-1;2;0;1;1;0;1;; -1;1;0;1;50
202200000196;4;SAVAR.(RUE JULIETTE);0;;2;2;0;2;0;0;1;; -1;1;5;1;50
202200000197;2;HUIT MAI 1945 (AV DU);0;;3;4;0;1;0;1;1;; -1;1;0;1;50
202200000198;3;WINSTON CHURCHILL AVENUE;0;;2;2;0;1;0;1;1;; -1;1;0;1;50
202200000199;4;FRUITIERS (AVENUE);0;;2;2;2;1;0;0;1;; -1;1;0;1;50
202200000200;4;KLEBER (RUE);0;;1;1;0;1;0;0;1;; -1;1;0;1;50
202200000201;3;JEAN JAURES (AVE)  215 =>;0;;2;5;3;1;1;1;1;; -1;1;0;1;50
202200000202;3;998;0;;1;0;0;1;0;0;1;; -1;1;0;1;50
202200000203;3;985;0;;2; -1;0;1;0;0;1;; -1;1;0;1;50
202200000205;3;907;0;;2;4;0;1;0;0;1;; -1;1;0;1;50
202200000206;3;56;0;D;2;2;0;1;14;687;2;; -1;1;4;4;50
202200000207;3;124;-1;;2;2;0;1;7;900;1;; -1;1;2;3;80
202200000208;3;22;-1;;2;2;0;1;7;220;1;; -1;1;0;3;80
202200000209;2;3;-1;;2;2;0;2;(1);(1);3;; -1;2;0;5;80
202200000210;3;68;-1;D;2;2;0;2;1;470;3;; -1;1;0;3;50
202200000211;3;933;0;;2;2;0;1;77;412;3;; -1;1;0;1;80
202200000212;2;165;-1;;3;4;0;1;63;400;1;; -1;1;0;1;110
202200000213;2;12;0;N;3;4;0;3;8;0;2;; -1;1;0;3;110
202200000214;3;903;0;D;2;2;0;2;62;460;1;; -1;1;0;1;50
202200000215;3;67;0;D;2;2;0;1;19;790;1;; -1;1;0;3;50
202200000216;4;5;0;;2;2;0;2;(1);(1);3;;3,75;1;0;1;80
202200000218;3;55;0;D;2;2;0;3;2;490;2;; -1;1;0;1;50
202200000219;2;10;-1;;2;2;0;1;139;189;2;;7;1;0;1;50
202200000220;3;37;-1;;2;2;0;2;0;0;1;; -1;1;2;1;50
202200000221;3;9;0; -;2;2;0;1;28;500;3;; -1;1;0;3;80
202200000222;3;D14;-1;;2;2;0;1;40;240;3;; -1;1;5;1;50
202200000223;3;0;0;;1;2;0;1;0;485;1;; -1;1;0;1;30
202200000224;3;355;-1;D;2;2;0;1;9;350;1;; -1;1;0;1;30
202200000225;3;969;-1;;2;2;0;1;16;300;3;; -1;1;0;3;80
202200000226;3;904;0;;2;2;0;2;67;700;2;; -1;1;0;1;50
202200000227;3;933;0;;2;2;0;1;0;50;1;; -1;1;2;3;80
202200000228;3;26;0;D;2;2;0;1;7;800;1;; -1;1;0;3;90
202200000229;3;217;0;D;2;2;0;1;3;200;3;; -1;1;0;1;80
202200000230;3;10;-1;;2;2;0;1;1;740;1;;5,5;1;0;1;50
202200000231;3;1075;-1;;-1;2;0;1;18;369;1;; -1;1;0;1;50
202200000232;3;6;0;D;2;2;0;1;29;200;2;; -1;1;0;8;80
202200000233;3;142;0;E;2;2;0;3;5;800;1;; -1;1;0;1;80
202200000234;1;89;0;A;1;2;0;1;263;500;1;; -1;1;0;2;130
202200000235;3;913;-1;;2;2;0;1;9;141;2;;6;1;0;8;80
202200000236;3;D87;0;A;2;2;0;2;1;200;2;; -1;1;0;1;80
202200000237;2;1;-1;;1;2;0;1;52;80;1;;10,5;1;3;1;90
202200000238;2;2;0;;2;2;0;2;9;0;1;; -1;1;0;1;60
202200000239;2;1;0;N;2;2;0;2;18;100;1;;5;1;0;1;70
202200000240;3;20;-1;N;3;4;0;2;(1);(1);1;; -1;1;0;1;90
202200000241;3;177;0;D;2;2;0;1;3;276;1;;5,5;1;0;1;80
202200000242;2;40;0;T;2;2;0;1;113;850;2;; -1;1;0;3;80
202200000244;3;39;-1;;3;2;0;1;14;195;1;; -1;1;5;1;50
202200000245;7;55;0;;1;2;0;3;1;1;2;; -1;1;0;1;50
202200000246;3;5;-1;;2;1;0;1;2;800;1;;3;1;0;1;70
202200000247;3;978;-1;;1;2;0;1;37;723;1;; -1;1;0;3;90
202200000248;3;4;0;D;2;2;0;2;3;500;1;; -1;1;0;1;50
202200000249;3;91;0;D;2;2;0;2;1;310;2;; -1;1;0;1;80
202200000251;3;611;0;;2;2;0;2;1;200;2;; -1;1;0;1;80
202200000252;2;150;-1;;3;4;0;1;60;290;1;; -1;1;0;1;110
202200000253;3;56;0;;2;2;0;1;0;609;1;; -1;1;8;1;50
202200000254;3;786;-1;;2;2;0;1;(1);(1);1;; -1;1;0;1;80
202200000255;3;2;0;D;2;2;0;1;1;210;3;; -1;1;0;1;50
202200000257;3;947;-1;;1;1;0;1;(1);(1);3;; -1;1;0;1;50
202200000258;1;A55-Sens Martigues vers Marseille;0;;-1;3;0;3;12;500;1;; -1;1;0;1;110
202200000259;1;86;0;;1;2;0;1;2;500;1;; -1;1;2;1;70
202200000260;1;A12 W;0;;1;5;3;1;2;299;1;; -1;1;0;8;110
202200000261;1;AUTOROUTE A86;0;;3;6;0;1;16;200;1;; -1;1;0;1;90
202200000262;1;A4;0;;3;4;0;1;5;0;3;; -1;1;0;1;90
202200000263;2;RN104;0;;3;4;0;1;11;600;1;; -1;1;0;1;90
202200000264;1;A4;0;;-1;5;0;1;17;600;1;; -1;1;0;1;110
202200000265;1;A86 INT;0;;3;3;0;1;44;700;1;; -1;1;0;1;90
202200000266;4;ALGER  (RUE D');0;;2;2;0;1;(1);(1);1;; -1;1;0;1;50
202200000267;4;SCHUMAN (AVENUE ROBERT);0;;2;2;0;1;(1);(1);1;; -1;1;0;1;50
202200000268;4;CHATELET (QUAI DU);0;;2;2;0;1;(1);(1);1;; -1;1;0;1;50
202200000269;7;SAINT MAURICE (ROUTE DE);0;;2;2;0;1;19;10;3;; -1;1;0;1;50
202200000270;4;PINEL                               (BD);0;;2;2;3;1;(1);(1);1;; -1;1;0;1;50
202200000271;4;VILLEROY                            (R );0;;1;1;2;1;(1);(1);1;; -1;1;0;1;30
202200000272;4;VIVIANI                             (AV);0;;2;3;2;1;(1);(1);1;; -1;1;0;1;50
202200000273;3;ROUTE DEPARTEMENTALE 14;0;;-1;1;0;2;4;300;1;; -1;1;0;1;50
202200000274;2;GENERAL DE GAULLE (BLD DU);0;;3;3;0;1;0;600;1;; -1;1;9;1;30
202200000275;3;BEAUSEJOUR JAMBETTE (ROUTE);0;;-1;2;0;2;1;720;1;; -1;1;0;1;50
202200000276;3;449;-1;;2;2;0;1;24;500;3;; -1;1;0;1;80
202200000277;4;VEZZANI - RUE CESAR;0;;-1;2;0;2;1;0;1;; -1;1;0;1;50
202200000278;3;51;-1;;2;2;0;1;2;52;1;; -1;1;0;1;80
202200000279;2;TUNNEL;0;;2;2;0;1;1;0;1;; -1;1;1;1;50
202200000281;3;50;-1;;2;2;0;1;27;800;1;; -1;1;2;3;70
202200000282;2;ROUTE DES ABYMES;0;;2;0;0;1;(1);(1);1;; -1;2;0;8;50
202200000283;3;ROUTE DE BOISVINS;0;;2;2;0;1;16;299;1;; -1;2;0;1;80
202200000285;4;SAMPIERO BD;0;;2;3;0;1;(1);(1);1;; -1;1;0;1;50
202200000286;3;65;-1;;2;2;0;1;16;123;1;; -1;1;0;1;50
202200000287;3;DIVISION LECLERC (AVENUE DE LA);0;;2;2;0;1;1;0;1;; -1;1;0;1;30
202200000289;3;613;-1;;2;2;0;2;94;180;1;; -1;2;0;1;50
202200000290;4;CORBEIL (ROUTE DE);0;;1;2;0;1;(1);(1);1;; -1;1;0;1;50
202200000291;3;ROUTE NATIONALE 6;0;;2;3;0;1;20;600;1;; -1;1;0;1;80
202200000292;3;55;0;D;3;2;0;1;6;0;3;; -1;1;0;8;80
202200000293;3;1001;-1;;2;1;0;1;17;520;1;;3,5;1;0;1;80
202200000294;4;RUCHERIE  (RUE DE  LA);0;;2;2;0;1;1;0;1;; -1;1;0;1;30
202200000295;3;RD148 carrefour DIANE à SORQUES;0;;2;2;0;1;1;690;1;; -1;1;5;1;70
202200000296;1;16;0;A;3;4;0;1;207;930;1;; -1;1;0;1;130
202200000297;7;BAPEAUME. RUE DE;0;;2;2;0;2;0;1;1;; -1;1;0;1;50
202200000298;1;A507 sens Aubagne- Marseille;0;;1;3;0;1;5;480;3;; -1;1;1;1;70
202200000299;7;GAULLE. AVENUE DU GENERAL DE;0;;2;2;0;1;0;1;1;; -1;1;-1;1;50
202200000300;1;A50-Sens Marseille vers Aubagne;0;;3;2;0;1;13;736;3;; -1;1;0;1;90
202200000301;4;MULHOUSE (DE);0;;2;1;0;1;0;0;1;; -1;1;0;1;50
202200000302;1;A7-Sens Marseille vers Lyon;0;;1;1;0;2;269;700;1;; -1;2;0;1;90
202200000303;4;4 AOUT 1789    (Rue du);0;;1;1;2;1;(1);(1);1;; -1;1;0;1;50
202200000304;1;A50-Sens Aubagne vers Marseille;0;;1;3;0;1;8;0;1;; -1;1;0;1;90
202200000305;3;RD 424;0;;2;2;2;1;36;750;1;; -1;1;0;1;80
202200000306;1;A7-Sens Lyon vers Marseille;0;;1;3;0;1;275;0;1;; -1;1;1;1;90
202200000307;4;PAIX;0;;2;2;2;1;0;0;1;; -1;1;0;1;50
202200000308;1;ROCADE A 630;0;;3;6;0;1;26;700;1;; -1;1;3;1;90
202200000309;4;UNION SOVIETIQUE (AVENUE DE L');0;;2;2;0;1;(1);(1);1;; -1;1;0;1;50
202200000310;1;AUTOROUTE A 10;0;;3;6;0;1;541;700;1;; -1;1;0;1;110
202200000311;3;CD181;0;;-1;2;0;2;3;0;1;; -1;1;0;1;70
202200000313;4;SAPINIERE (RUE DE LA);0;;2;2;0;1;(1);(1);1;; -1;1;0;1;50
202200000314;1;AUTOROUTE A86;0;;3;5;0;1;51;99;1;; -1;1;1;1;70
202200000315;3;RENAN (RUE ERNEST);0;;-1;2;0;1;0;635;1;; -1;1;0;1;50
202200000316;2;RN 104;0;;3;6;0;2;33;500;1;; -1;1;0;1;90
202200000317;4;TRIBUNAUX (RUE DES);0;;2;2;0;1;(1);(1);1;; -1;1;0;1;20
202200000318;1;AUTOROUTE A10;0;;1;3;0;1;1;299;1;; -1;1;0;1;90
202200000319;9;RD 236;0;;2;0;1;1;4;859;1;; -1;1;5;5;10
202200000320;3;DE GAULLE (AV. DU GENERAL);0;;2;4;0;1;17;1;1;; -1;1;5;1;50
202200000321;2;RN 104;0;;1;2;0;1;26;899;1;; -1;1;0;1;110
202200000322;4;TOUR (RUE DE LA);0;;1;1;0;1;0;0;1;; -1;1;0;1;30
202200000323;3;RD 492 DU RP OCÉANIS AU RP EINSTEIN;0;;3;2;0;1;0;703;1;; -1;1;0;4;30
202200000324;1;AUTOROUTE A6B;0;;2;6;0;1;8;500;1;; -1;1;0;1;90
202200000325;4;LIBERATION (AVENUE);0;;1;2;3;1;(1);(1);1;; -1;1;0;1;50
202200000326;1;15;0;;3;8;0;1;4;800;1;; -1;1;2;1;90
202200000327;1;86;0;;3;0;0;1;11;899;1;; -1;1;2;1;90
202200000328;1;AUTOROUTE A1;0;;3;8;0;1;1;799;1;; -1;1;1;1;90
202200000329;4;PLACE JEAN ACHARD;0;;1;2;1;1;(1);(1);1;; -1;1;0;1;30
202200000330;7;RD 82;0;;2;2;0;1;37;925;1;; -1;1;0;3;80
202200000331;2;RN 184;0;;3;4;0;1;3;500;1;; -1;1;0;1;90
202200000332;4;SALLE (BLD JEAN BAPTISTE DE LA);0;;3;3;2;1;(1);(1);2;; -1;1;8;5;50
202200000333;1;AUTOROUTE A15;0;;3;6;0;1;9;800;3;; -1;1;0;1;70
202200000334;7;GOSSEC (RUE FRANCOIS-JOSEPH);0;;2;2;0;1;7;540;1;; -1;1;0;1;50
202200000335;1;AUTOROUTE A3;0;;3;5;0;3;14;800;2;; -1;1;0;1;90
202200000336;1;A4;0;;3;3;0;1;27;0;1;; -1;1;0;8;130
202200000337;3;RN.112 (ROUTE D'AGDE);0;;2;2;0;1;3;550;1;; -1;1;0;3;50
202200000338;2;SACRE COEUR (RD POINT) -RIV. DES GALETS ;0;;1;2;0;1;0;0;3;; -1;1;3;1;50
202200000339;4;RUE JEAN LAHARY;0;;1;1;2;1;(1);(1);1;; -1;1;9;1;50
202200000340;7;IRENE JOLIOT CURIE                  (BD);0;;2;4;3;1;0;300;1;; -1;2;0;1;30
202200000341;4;TY PONT KERROUE  ROND POINT DE;0;;1;2;0;1;(1);(1);2;; -1;1;0;1;50
202200000342;4;FLORENT                             (R );0;;1;1;0;1;(1);(1);1;; -1;1;0;1;50
202200000343;4;CHAMBAUD DE LA BRUYERE              (BD);0;;3;6;0;1;(1);(1);1;; -1;1;0;1;50
202200000344;3;RD 783;0;;2;3;0;2;31;596;1;; -1;1;5;1;50
202200000345;2;BISHOP (Avenue Maurice);0;;2;2;0;1;0;100;1;; -1;1;0;1;50
202200000346;4;CROIX (QUAI DE LA);0;;2;2;1;1;(1);(1);3;; -1;1;0;1;50
202200000347;4;SIDOINE APPOLINAIRE                 (AV);0;;2;2;0;2;(1);(1);1;; -1;1;0;1;50
202200000348;2;RN4 - SECTION RIVIERA;0;;2;2;2;1;(1);(1);1;; -1;1;0;5;70
202200000349;2;NAPOLEON COURS AVANT BEVERINI;0;;2;2;0;2;0;660;1;; -1;1;8;1;50
202200000350;3;AQUITAINE (ALIENOR D') (AVENUE);0;;2;2;0;1;1;93;1;; -1;1;0;1;50
202200000351;4;CUGNOT JOSEPH;0;;2;2;0;2;(1);(1);1;; -1;1;0;1;50
202200000352;3;FERME (RUE DE LA);0;;1;2;0;1;0;0;1;; -1;1;0;1;30
202200000353;3;AV JEAN MOULIN;0;;-1;0;0;1;0;100;2;; -1;1;5;4;50
202200000354;4;SABLIERE (RUE DE LA)   ZI;0;;2;2;0;2;0;0;1;; -1;1;0;1;50
202200000355;4;MITTERAND (AVENUE FRANCOIS);0;;-1;2;0;1;(1);(1);1;; -1;1;0;1;50
202200000356;4;POILUS (PLACE DES);0;;1;1;0;1;0;0;1;; -1;1;0;1;50
202200000357;7;AVENUE RITONDALE LEOPOLD;0;;1;2;0;1;13;520;1;; -1;1;0;1;50
202200000358;4;ROND POINT D402 RUE DE LA BUTTE;0;;1;1;0;1;(1);(1);1;; -1;1;5;1;50
202200000359;3;HOPITAUX CARREFOUR DES;0;;1;2;0;1;18;350;2;; -1;1;0;1;50
202200000361;4;NEUHOF (ROUTE);0;;2;3;0;1;(1);(1);1;; -1;1;0;1;50
202200000362;4;HENRI FAISANS;0;;2;2;0;1;0;0;2;; -1;1;0;1;30
202200000363;4;ALSACE LORRAINE D';0;;-1;1;2;1;0;0;1;; -1;1;0;1;50
202200000364;3;BAYONNE (AVENUE DE);0;;2;4;0;1;9;241;1;; -1;1;0;1;50
202200000365;7;ESPLANADE FACADE;0;;3;5;1;1;(1);(1);1;; -1;1;0;1;50
202200000366;4;GENERAL MANGIN (RUE);0;;2;2;0;1;0;0;1;; -1;1;0;1;50
202200000367;4;BELGIQUE (RUE  DE );0;;2;2;0;1;(1);(1);1;; -1;1;0;1;30
202200000368;4;GRAND CREDO (RUE DU);0;;1;2;0;1;(1);(1);1;; -1;1;0;1;30
202200000369;4;BOUDENT (RUE JEAN);0;;2;2;2;1;0;0;1;; -1;1;0;1;50
202200000370;4;PASTEUR AVENUE;0;;2;2;0;1;1;0;1;; -1;1;0;1;50
202200000371;7;COURS JEAN JAURÈS;0;;2;4;1;1;89;80;1;; -1;2;0;1;50
202200000372;7;BRETONNIERES (BOULEVARD DES);0;;2;2;0;1;40;700;1;; -1;1;0;1;50
202200000373;4;MAGINOT (AVENUE SERGENT);0;;1;1;1;1;(1);(1);1;; -1;1;0;1;50
202200000374;7;MAGUELONE (AVENUE DE);0;;2;2;0;1;6;564;2;; -1;1;0;1;50
202200000375;3;ROUTE DEPARTEMENTALE 612;0;;2;4;0;1;67;1428;3;; -1;1;0;1;90
202200000376;4;RUE DU MARECHAL JOFFRE;0;;2;2;0;1;(1);(1);1;; -1;1;0;1;50
202200000377;4;EUROPE (DE 201 A 215);0;;-1;2;0;1;(1);(1);1;; -1;1;-1;1;50
202200000378;4;PRESSOIR (RUE DU);0;;2;2;0;1;0;0;1;; -1;1;0;1;50
202200000379;4;DOLE RUE DE (inf 82);0;;1;2;0;4;(1);(1);3;; -1;1;5;1;50
202200000380;4;LYSIACK   AVENUE DU COMMANDANT;0;;2;4;2;1;(1);(1);2;; -1;1;0;5;50
202200000381;4;DOUMER (AVENUE PAUL);0;;2;3;1;1;(1);(1);1;; -1;1;9;5;30
202200000382;4;BOULEVARD DU ROY RENE;0;;2;4;0;1;0;0;1;; -1;1;0;1;50
202200000383;4;GOUFFE (COURS);0;;-1;2;0;2;0;0;1;; -1;1;0;1;50
202200000384;3;DE SAINT LOUIS AU ROVE (chemin);0;;1;2;0;1;0;0;1;; -1;1;0;1;50
202200000385;4;LIEUTAUD (COURS);0;;3;2;0;1;0;0;1;; -1;1;0;1;50
202200000386;4;COSTE JEAN PAUL (AV );0;;3;2;0;1;(1);(1);1;; -1;1;5;1;50
202200000387;4; -;0;;-1;2;0;1;1;0;1;; -1;1;0;8;50
202200000388;3;ROCADE EST (RD 610);0;;3;4;0;1;20;500;1;; -1;1;0;1;50
202200000389;4;VANEL (AVENUE DU) DU 1 ET 2 JUSQU' AU 26;0;;1;2;0;1;(1);(1);1;; -1;2;0;1;50
202200000390;4;TOULAUD (CHEMIN DE);0;;2;1;0;2;(1);(1);1;; -1;1;0;3;50
202200000391;4;BOULEVARD PERIPHERIQUE;0;;1;4;0;1;28;700;1;; -1;1;0;1;70
202200000392;4;RUE GASTON TESSIER;0;;2;2;0;1;(1);(1);1;; -1;1;0;1;30
202200000393;4;RUE DE BELLEVILLE;0;;2;2;0;1;(1);(1);1;; -1;1;0;1;30
202200000394;4;QUAI DE L OISE;0;;2;3;1;1;(1);(1);1;; -1;1;-1;5;30
202200000395;4;BOULEVARD PERIPHERIQUE;0;;1;4;0;2;24;300;1;; -1;1;0;1;70
202200000396;4;RUE ORDENER;0;;2;2;0;1;(1);(1);1;; -1;1;0;1;30
202200000397;4;PLACE DES INSURGES DE VARSOVIE;0;;1;4;0;1;(1);(1);1;; -1;1;0;1;30
202200000398;4;RUE REMY DUMONCEL;0;;2;2;1;1;(1);(1);1;; -1;1;0;5;30
202200000399;4;BOULEVARD DU GENERAL JEAN SIMON;0;;2;4;0;1;(1);(1);1;; -1;1;0;1;30
202200000400;4;RUE DU FAUBOURG SAINT MARTIN;0;;2;3;0;1;(1);(1);1;; -1;1;0;1;30
202200000401;4;PLACE DE LA CONCORDE;0;;2;8;0;1;(1);(1);1;; -1;1;0;1;30
202200000402;4;PONT DES INVALIDES;0;;2;3;1;1;(1);(1);1;; -1;1;5;5;30
202200000403;4;RUE DU RENARD;0;;2;3;3;1;(1);(1);1;; -1;1;0;6;30
202200000404;4;QUAI DE GESVRES;0;;1;4;1;1;(1);(1);1;; -1;1;0;5;30
202200000405;4;RUE DE RIVOLI;0;;2;4;1;1;(1);(1);1;; -1;1;-1;5;30
202200000406;4;RUE DES DEUX PONTS;0;;2;2;1;1;(1);(1);1;; -1;1;-1;5;30
202200000407;4;RUE DE RIVOLI;0;;2;4;1;1;(1);(1);1;; -1;1;-1;5;30
202200000408;3;CARNOT (AV);0;;2;2;0;1;1;0;1;; -1;1;0;1;50
202200000409;3;JEAN JAURES (AV);0;;2;2;0;2;0;0;1;; -1;1;0;1;50
202200000410;3;GABRIEL PERI (AV);0;;1;1;0;1;0;0;1;; -1;1;0;1;50
202200000411;4;ETIENNE DOLET (R);0;;2;2;0;2;0;0;1;; -1;1;0;1;30
202200000412;3;VERDUN (AV DE);0;;-1;1;1;1;0;0;1;; -1;1;0;1;30
202200000413;3;DOCTEUR MARIE (R DU);0;;1;3;0;1;0;0;1;; -1;1;0;1;50
202200000414;3;DEPORTATION (CAR DE LA);0;;-1;2;2;1;0;0;2;; -1;1;5;1;50
202200000415;4;GRAVELLE (AV DE);0;;2;3;1;1;(1);(1);1;; -1;1;0;6;30
202200000416;3;VAUBAN (AVENUE);0;;2;2;0;1;0;1;2;; -1;1;2;1;50
202200000417;3;BALLANGER (BD ROBERT);0;;2;2;0;1;0;1;1;; -1;1;0;1;50
202200000418;4;RUE DE LA CLÉ DES CHAMPS;0;;2;2;0;1;0;0;1;; -1;1;0;1;50
202200000419;3;VICTOR-HUGO (BD);0;;2;2;1;1;0;1;1;; -1;1;0;1;50
202200000420;4;ROGER GIBRAT;0;;1;1;0;1;0;0;1;; -1;1;0;1;50
202200000421;4;VARSOVIE (RUE DE);0;;2;2;0;1;1;0;1;; -1;2;0;1;30
202200000422;3;REPUBLIQUE (AVE DE LA ) DE 52 A 104;0;;2;2;0;1;0;1;1;; -1;1;0;1;50
202200000423;3;JEAN JAURES  (AVE)  157 A 213;0;;2;1;0;1;0;1;1;; -1;1;0;1;50
202200000427;3;52;-1;;2;2;0;2;12;400;1;; -1;1;0;1;80
202200000428;3;128;-1;;2;2;0;1;3;650;1;; -1;1;0;1;80
202200000429;3;482;0;;3;1;0;1;11;550;1;; -1;1;0;1;70
202200000430;3;D3;-1;;2;2;0;2;(1);(1);1;; -1;1;0;1;-1
202200000431;4;VILLENEUVE ROUTE DE;0;;2;2;0;1;0;0;1;; -1;1;0;1;50
202200000432;1;7;0;;3;3;0;1;112;900;1;; -1;1;0;1;130
202200000433;3;PEGOMAS (ROUTE DE);0;;2;2;0;2;11;487;3;; -1;1;0;1;70
202200000435;3;1085;-1;;2;2;0;1;44;516;1;; -1;1;0;1;80
202200000436;3;C.D 1;0;;2;2;0;2;0;171;1;; -1;1;0;1;70
202200000437;1;57;-1;;3;5;0;1;13;0;3;; -1;1;0;1;90
202200000439;3;5;-1;;2;2;0;4;3;800;2;; -1;1;0;3;80
202200000440;3;980;-1;;2;2;0;1;33;200;1;; -1;1;0;1;80
202200000441;2;03;0;;2;2;0;4;5;(1);1;; -1;1;0;1;80
202200000442;3;16;-1;;2;2;0;2;4;0;2;; -1;1;0;3;80
202200000443;3;945;-1;;2;2;0;1;(1);(1);1;; -1;1;0;1;50
202200000444;3;D34;-1;;2;2;0;1;16;170;3;; -1;1;0;3;80
202200000445;3;13;0;;2;2;0;1;13;285;2;; -1;1;0;1;50
202200000447;3;97;-1;;2;2;0;1;26;125;1;; -1;1;0;1;90
202200000448;3;316;-1;D;2;3;0;1;19;0;1;; -1;1;0;1;80
202200000449;3;39;-1;;2;2;0;1;2;815;2;; -1;1;0;3;80
202200000450;3;959;0;D;2;2;0;1;(1);(1);1;; -1;1;0;1;80
202200000451;3;27;-1;;2;2;0;4;2;450;2;; -1;1;0;3;80
202200000452;4;RUE DE CHARONNE;0;;1;1;0;1;(1);(1);1;; -1;1;0;1;30
202200000453;3;45;0;;2;2;0;1;14;800;2;;4,5;1;0;3;80
202200000454;3;18;-1;;2;2;0;1;12;800;1;; -1;1;0;1;80
202200000455;3;5;-1;;2;2;0;1;11;635;4;;5,25;1;0;3;80
202200000456;3;GEORGES GOSNAT (AV);0;;2;2;0;1;(1);(1);1;; -1;1;0;1;50
202200000457;3;927;-1;;2;2;0;1;29;680;1;; -1;1;0;1;50
202200000458;3;916;-1;;2;2;0;1;8;890;3;; -1;1;0;3;90
202200000459;2;HUIT MAI 1945 (AV DU);0;;2;5;0;2;(1);(1);1;; -1;2;0;1;50
202200000460;3;16;-1;;2;2;0;2;15;50;1;; -1;1;0;3;90
202200000461;3;64;-1;D;2;2;0;2;8;600;1;;4,5;1;0;1;80
202200000462;3;55;-1;;2;2;0;2;2;446;3;; -1;1;0;8;80
202200000463;3;ERNEST RENAN (AV);0;;2;2;0;1;0;1;1;; -1;1;0;1;50
202200000464;3;RD;-1;;2;2;0;1;52;680;1;; -1;1;0;1;80
202200000465;4;HOTTINGER (Rue Rodolphe);0;;2;2;0;1;10;0;4;; -1;1;0;1;50
202200000466;3;419;0;;2;2;0;1;17;920;1;; -1;1;0;1;70
202200000468;3;470;0;;2;2;0;2;44;180;2;; -1;1;0;1;90
202200000469;3;PARIS (R DE);0;;3;2;3;1;0;1;1;; -1;2;0;1;50
202200000470;4;92;0;;2;2;0;1;(1);(1);2;; -1;1;0;1;70
202200000472;3;1043;-1;;2;2;0;1;46;450;1;; -1;1;0;3;80
202200000473;4;BOZAR;-1;R;2;2;0;1;(1);(1);1;; -1;1;0;1;50
202200000474;3;GABRIEL PERI (AVENUE);0;;2;4;2;1;0;1;1;; -1;1;0;5;50
202200000475;3;66;0;;2;2;0;1;4;435;1;; -1;1;0;1;80
202200000476;3;534;-1;;2;2;0;1;2;200;3;; -1;1;0;1;-1
202200000477;3;765;0;;2;2;0;2;27;112;1;; -1;1;0;1;80
202200000478;3;6;-1;;2;2;0;1;6;550;2;; -1;1;2;1;50
202200000479;3;DIX HUIT JUIN 1940 (AVENUE DU);0;;2;4;2;1;0;1;1;; -1;1;0;1;50
202200000481;3;160;0;;2;2;0;1;43;212;1;; -1;1;0;1;80
202200000482;3;969;-1;;2;2;0;1;17;725;1;; -1;1;0;1;50
202200000483;3;338;2;;2;2;0;1;0;(1);3;; -1;1;0;8;90
202200000484;3;986;-1;;1;2;-1;1;(1);(1);1;; -1;2;5;1;-1
202200000485;3;94;0;N;2;2;0;1;0;910;1;; -1;1;0;1;80
202200000486;3;538;0;;2;2;0;1;86;400;2;; -1;1;0;8;80
202200000487;3;920;0;;3;9;1;1;0;0;1;; -1;1;0;1;50
202200000488;3;999;0;;2;2;0;1;6;326;1;; -1;1;5;1;80
202200000489;3;76;0;;1;2;0;1;0;0;1;; -1;1;0;1;30
202200000490;3;160;-1;;2;2;0;1;12;500;2;; -1;1;2;1;80
202200000491;3;15;0;D;2;2;0;1;7;454;1;; -1;1;0;1;50
202200000492;3;60;0;;2;2;0;1;0;0;1;; -1;2;9;1;30
202200000494;4;BIEVRES (RUE DE);0;;3;2;0;1;0;0;1;; -1;1;0;1;30
202200000497;3;32;0;D;2;1;0;1;13;0;1;; -1;1;0;1;50
202200000498;3;26;0;D;2;2;0;2;0;915;1;; -1;1;0;1;80
202200000499;3;104;-1;;2;2;0;1;32;900;1;; -1;1;0;1;80
202200000500;7;68;0;;2;2;0;1;12;420;1;; -1;1;0;1;30
202200000501;3;63;-1;;2;2;0;2;22;300;3;; -1;1;0;3;90
202200000503;3;24;0;D;2;2;0;2;7;500;2;; -1;1;0;3;80
202200000504;2;1;0;R;2;2;0;1;29;200;1;; -1;1;0;3;60
202200000506;3;947;0;D;2;2;0;1;7;600;1;; -1;1;0;3;80
202200000508;3;19;-1;;2;2;0;1;(1);(1);1;; -1;1;0;1;80
202200000509;1;11;-1;;2;3;0;1;92;750;1;;13,5;1;0;1;130
202200000510;3;137;0;;1;1;0;1;85;186;2;; -1;1;5;1;50
202200000511;4;GENAS (DE)                          (RO);0;;2;4;3;1;0;0;1;; -1;1;0;6;50
202200000512;2;2;0;;2;2;0;1;11;700;1;; -1;1;0;1;50
202200000513;1;10;-1;;3;6;0;1;97;657;1;;13,5;1;8;1;90
202200000516;4;2;0;M;2;2;0;1;(1);(1);1;; -1;1;0;3;50
202200000517;3;6;-1;;2;2;0;1;1;300;1;; -1;2;0;1;80
202200000520;4;888;0;;2;2;0;1;(1);(1);1;; -1;1;0;1;50
202200000521;4;BEVERINI VICO PAIR AVENUE;0;;2;2;0;2;(1);(1);1;; -1;1;0;1;50
202200000522;2;1;-1;;2;2;0;1;7;0;1;; -1;1;0;1;70
202200000523;3;577;-1;;3;2;0;4;14;347;2;; -1;2;0;8;80
202200000525;7;613;-1;;2;2;0;1;35;570;1;; -1;1;0;1;90
202200000526;1;8;-1;;3;5;0;1;36;328;1;; -1;1;0;1;130
202200000528;3;225;-1;;2;2;0;1;30;100;3;; -1;1;0;1;90
202200000529;3;8;0;;2;2;0;1;23;400;1;; -1;1;0;1;80
202200000531;3;813;0;D;2;3;0;1;20;100;1;; -1;2;5;1;80
202200000532;7;5;0;D;2;2;0;2;8;0;2;; -1;1;0;1;80
202200000533;4;25;-1;;2;2;0;2;(1);(1);1;; -1;1;5;1;70
202200000534;3;770;-1;;2;2;0;1;21;450;1;; -1;1;0;1;80
202200000535;1;A51-Sens Marseille vers Aix en Provence;0;;1;3;0;1;2;799;1;; -1;1;0;1;90
202200000536;3;603;0;;2;2;0;1;35;0;1;; -1;1;0;1;80
202200000537;4;RM6;-1;;2;2;0;1;1;0;2;; -1;1;0;3;-1
202200000538;3;D105;-1;;2;2;0;2;4;788;3;; -1;2;0;1;60
202200000539;1;9;-1;;2;3;0;1;238;500;1;; -1;1;0;3;130
202200000540;2;1;0;A;2;2;0;1;0;0;1;; -1;1;0;1;70
202200000542;4;DEVAUX BD;0;;2;0;0;1;0;0;1;; -1;2;0;1;50
202200000543;3;560;0;;2;2;0;1;6;800;2;; -1;1;0;1;70
202200000544;3;1;0;;2;2;0;2;11;500;3;;7;1;2;8;80
202200000545;3;519;0;D;2;1;0;1;32;221;1;; -1;1;0;1;80
202200000547;3;96;-1;D;2;2;0;2;18;900;1;; -1;1;0;1;80
202200000548;3;592;-1;;2;2;0;2;15;350;3;; -1;2;0;8;80
202200000549;4;ALBERT EINSTEIN                     (R );0;;2;2;0;1;(1);(1);1;; -1;1;0;1;50
202200000550;3;48;-1;;2;2;0;2;22;0;1;; -1;1;0;1;80
202200000551;3;82;-1;;2;2;0;2;30;600;3;; -1;2;0;3;90
202200000552;3;2204;0;D;-1;2;0;-1;11;400;2;; -1;1;0;1;50
202200000553;2;250;-1;N;3;4;0;1;39;450;1;; -1;1;0;1;70
202200000554;3;1004;-1;D;2;2;0;1;23;600;1;; -1;1;0;2;-1
202200000555;6;POTTIER (RUE);0;;-1; -1;0;1;(1);(1);1;; -1;1;1;8;20
202200000556;3;242;-1;;2;2;0;1;0;220;3;; -1;1;0;4;50
202200000557;3;37;-1;;2;2;0;1;10;800;2;; -1;1;0;1;80
202200000558;3;28;0;;2;2;0;1;15;240;2;; -1;1;0;3;90
202200000560;3;654;-1;;2;2;0;1;58;200;1;; -1;1;0;1;90
202200000562;3;159;-1;;2;2;0;1;41;160;1;; -1;1;0;1;80
202200000563;3;1017;-1;D;2;2;0;2;19;0;1;; -1;2;0;3;80
202200000564;4;RUE DU MUGUET;0;;2;2;0;1;(1);(1);1;; -1;2;0;1;50
202200000565;2;20;0;;2;2;0;1;122;(1);1;; -1;1;0;1;80
202200000568;3;RD11;-1;;2;2;0;1;4;100;1;; -1;1;0;1;70
202200000569;4;ROCHEFOUCAULT (RUE DE LA);0;;-1;0;0;1;(1);(1);1;; -1;9;9;8;50
202200000570;3;24;-1;;2;2;0;1;(1);(1);1;; -1;1;0;1;50
202200000571;4;32;0;;2;2;0;1;(1);(1);1;; -1;1;0;1;50
202200000572;3;59;-1;A;2;2;0;1;3;670;1;; -1;1;0;1;80
202200000573;4;RUE MONTORGUEIL;0;;1;1;0;1;(1);(1);1;; -1;1;6;1;15
202200000575;3;7;-1;;2;2;0;1;5;(1);1;; -1;1;0;1;80
202200000576;3;500;0;D;2;2;0;2;1;352;2;; -1;1;0;3;80
202200000577;3;21;0;D;2;2;0;1;6;0;2;; -1;1;0;1;80
202200000578;3;178;0;D;2;2;0;2;0;600;1;;5;1;0;1;80
202200000580;3;ROUTE DEPARTEMENTALE 990;0;;-1;1;0;1;12;800;1;; -1;9;0;3;90
202200000581;3;1016;0;D;2;2;0;1;11;300;1;; -1;1;0;1;90
202200000583;1;A50 - Sens Aubagne vers Marseille;0;;3;4;0;4;26;0;2;; -1;1;3;1;90
202200000584;4;ARGENTON (AV D');0;;2;2;0;1;(1);(1);2;; -1;1;2;3;30
202200000585;3;104;-1;;2;2;0;2;2;220;1;; -1;2;0;1;80
202200000586;1;A7-Sens Lyon vers Marseille;0;;-1;2;0;1;262;0;1;; -1;1;0;1;90
202200000587;2;RN88;0;;3;4;0;1;46;100;2;; -1;1;0;1;110
202200000588;1;A50-Sens Marseille vers Aubagne;0;;3;3;0;1;7;0;1;; -1;1;0;1;90
202200000589;1;A72;0;;3;6;0;1;16;400;1;; -1;1;0;1;110
202200000590;3;130;-1;;2;2;0;1;26;500;1;; -1;1;0;1;80
202200000591;1;A51-Sens Aix en Provence vers Marseille;0;;-1;3;0;1;2;0;1;; -1;1;0;1;90
202200000593;3;26;-1;;2;2;0;1;(1);(1);1;; -1;2;0;1;30
202200000594;1;A50-Sens Aubagne vers Marseille;0;;3;2;0;1;26;0;1;; -1;1;0;1;90
202200000595;3;941;0;D;2;2;0;2;64;950;1;; -1;1;0;1;50
202200000597;1;A507 sens Aubagne- Marseille;0;;3;4;0;1;8;119;1;; -1;1;1;1;70
202200000599;1;A47   0.000  A 1.657;0;;3;4;0;1;0;200;1;; -1;1;2;1;70
202200000600;3;16;-1;;2;2;0;2;26;0;3;; -1;1;0;1;80
202200000601;2;4;0;;3;4;0;1;10;289;2;; -1;1;0;1;110
202200000602;2;12;-1;;1;1;0;1;67;815;3;; -1;2;3;1;50
202200000603;4;EUROPE (Rdp de l');0;;4;2;0;1;0;0;3;; -1;1;5;1;50
202200000604;1;ROCADE A 630;0;;1;1;0;1;23;0;3;; -1;1;3;1;50
202200000606;2;ROUTE NATIONALE 230;0;;3;6;0;1;41;560;1;; -1;1;0;1;90
202200000607;3;198;-1;D;2;2;0;2;2;112;3;; -1;1;0;1;70
202200000608;3;65;-1;D;2;2;0;1;7;277;1;; -1;1;0;1;80
202200000609;1;A13;0;;-1;2;0;2;24;100;1;; -1;1;0;1;110
202200000610;1;A50-Sens Marseille vers Aubagne;0;;1;3;0;1;5;0;1;; -1;1;0;1;90
202200000611;1;13;0;;1;3;0;1;4;500;1;; -1;1;1;1;70
202200000612;1;4;0;;1;2;3;1;472;500;2;; -1;2;3;1;90
202200000614;1;A13;0;;-1;2;0;1;16;899;1;; -1;1;0;1;110
202200000615;3;RUE DE LA VILLE GERVEAUX;0;;2;1;0;1;0;0;1;; -1;1;0;1;50
202200000617;3;RD 170;0;;3;8;0;1;19;299;1;; -1;1;3;1;90
202200000618;3;619;0;;3;2;0;1;15;150;1;; -1;1;0;1;90
202200000619;1;AUTOROUTE A1;0;;3;6;0;1;5;0;1;; -1;1;0;1;90
202200000620;1;36;-1;;3;4;0;1;191;300;1;; -1;1;0;1;130
202200000621;3;498;-1;;2;2;0;2;6;645;2;; -1;7;0;3;50
202200000622;4;MARCET (AV. BAPTISTE) (1-69 ET 2-58);0;;3;2;0;2;(1);(1);1;; -1;1;0;1;50
202200000623;1;AUTOROUTE A3;0;;3;7;0;1;2;799;1;; -1;1;0;1;90
202200000624;2;2;0;N;2;4;0;2;26;240;1;; -1;2;0;1;110
202200000625;3;999;-1;D;2;2;0;1;64;800;1;; -1;1;0;1;-1
202200000626;2;315;0;;3;4;0;1;3;950;1;; -1;1;0;1;90
202200000627;3;1090;-1;D;2;2;0;1;13;300;1;; -1;2;0;3;80
202200000628;2;RN 104;0;;3;4;0;1;21;0;1;; -1;1;0;1;110
202200000629;3;156;0;A;2;2;0;2;3;100;1;; -1;5;0;1;90
202200000630;1;AUTOROUTE A3;0;;1;3;0;1;3;500;1;; -1;1;1;1;90
202200000631;3;524;0;;2;2;0;3;14;620;1;; -1;2;0;3;90
202200000632;1;A104;0;;1;2;0;3;18;200;3;; -1;8;9;1;50
202200000633;3;921;0;;2;2;0;1;17;207;1;;4;1;0;1;50
202200000635;2;RN104;0;;3;4;0;1;22;700;1;; -1;1;0;1;110
202200000637;1;A4;0;;3;8;0;1;6;500;1;; -1;1;2;1;90
202200000638;2;20 (R.N.) COTE NORD DU TUNNEL;0;;2;2;0;1;36;839;1;; -1;2;1;1;70
202200000639;4;LAGARRASIC (PONT);0;;1;0;0;1;(1);(1);1;; -1;1;0;1;50
202200000640;3;62;0;D;2;1;0;1;(1);(1);1;; -1;1;0;1;50
202200000641;3;LERIDA (AVENUE DE);0;;2;2;0;2;41;260;2;; -1;2;0;1;50
202200000642;3;BEAUSSET (ROUTE DU);0;;3;2;0;1;11;900;1;; -1;1;0;1;50
202200000643;7;M6   455.000 A 455.614;0;;3;4;0;1;455;0;1;; -1;1;1;1;70
202200000644;4;MASCAREIGNES (Avenue des);0;;2;2;0;1;0;0;1;; -1;1;0;1;50
202200000645;6;FOSSE MAUSSOIN (ALLEE DE LA);0;;-1;0;0;1;0;0;1;; -1;2;9;1;30
202200000646;3;7;0;N;2;2;0;1;15;900;1;; -1;1;0;4;30
202200000648;2;kaweni-Mangrove (route de la);0;;2;2;0;1;0;0;1;; -1;1;0;1;70
202200000650;3;26;0;D;2;2;0;2;615;615;4;; -1;1;0;1;80
202200000651;2;RN2 (1);0;;2;2;0;2;128;0;1;; -1;1;0;1;90
202200000652;3;106;0;;2;2;1;1;0;0;1;; -1;1;0;1;50
202200000653;3;7;-1;N;2;2;0;1;32;850;1;; -1;1;0;8;80
202200000654;3;559;0;;2;2;0;2;25;300;3;; -1;1;0;1;80
202200000655;3;ENTRE DEUX (CHEMIN) CD26;0;;2;2;0;1;0;430;1;; -1;1;0;1;50
202200000656;2;N13;0;;3;4;0;1;77;350;1;; -1;1;0;1;110
202200000657;7;D6C;-1;;4;3;0;1;(1);(1);1;; -1;1;5;8;50
202200000658;4;DE GAULLE (AVENUE);0;;2;2;0;1;(1);(1);1;; -1;1;0;8;50
202200000659;3;311;-1;;2;2;0;1;16;275;1;; -1;1;0;1;90
202200000660;3;BADUEL (ROUTE DE);0;;2;2;0;1;2;50;1;; -1;1;0;1;50
202200000661;4;3;0;;2;2;0;2;(1);(1);1;; -1;1;0;1;80
202200000662;3;35;0;;2;1;0;1;1;200;1;;3;2;0;1;70
202200000663;4;avenue des frais fonds;0;;2;1;0;1;1;(1);1;; -1;2;0;1;50
202200000664;3;BADUEL (ROUTE DE);0;;2;2;0;1;1;799;1;; -1;1;0;1;50
202200000665;3;425;0;D;2;2;0;2;11;0;2;; -1;1;0;3;80
202200000666;4;MONTEE SAINT JEAN;0;;2;2;0;2;(1);(1);1;; -1;1;0;1;50
202200000667;4;CHOVET (AV. ALPHONSE);0;;2;2;0;1;(1);(1);1;; -1;1;0;1;30
202200000668;4;GENERAL MOUTON DUVERNET (DU)        (R );0;;2;3;1;1;(1);(1);1;; -1;1;0;6;30
202200000669;2;57;-1;;3;2;0;2;35;475;1;; -1;1;0;3;110
202200000670;4;DE GAULLE AVENUE DU GENERAL;0;;2;2;0;1;0;0;1;; -1;2;0;1;30
202200000671;4;JACQUES DUCLOS                      (AV);0;;2;2;2;1;(1);(1);1;; -1;1;0;1;50
202200000672;7;342;-1;;2;2;3;2;5;400;1;; -1;2;5;1;50
202200000673;3;ROUTE NATIONALE 113 - MONTEE DE L'ASSASS;0;;2;2;0;2;0;0;3;; -1;1;0;1;70
202200000674;4;MIDI(DU)                                ;0;;2;2;1;1;(1);(1);1;; -1;1;9;1;50
202200000675;4;RONDE (CHEMIN DE);0;;2;4;0;4;0;0;2;; -1;2;5;8;50
202200000676;3;REDOUTE (ROUTE DE LA);0;;2;3;0;2;6;300;3;; -1;1;0;1;50
202200000677;4;PETUNIAS (RUE DES);0;;-1;1;0;1;0;0;1;; -1;1;0;8;50
202200000679;4;MACCHINI EUGENE AVENUE;0;;2;1;0;2;(1);(1);1;; -1;1;0;1;50
202200000680;7;PASTEUR                             (PT);0;;1;1;0;1;(1);(1);3;; -1;1;2;1;50
202200000681;3;RN 396 (ROUTE NATIONALE);0;;2;4;0;1;1;0;1;; -1;1;0;1;80
202200000682;4;RUE ALBERT CAMUS;0;;2;1;0;1;0;0;1;; -1;1;0;1;30
202200000684;7;PUY DE DOME (AVENUE DU);0;;2;2;0;1;(1);(1);1;; -1;1;0;1;30
202200000685;4;BLANC LOUIS (BOULEVARD);0;;2;3;0;1;(1);(1);1;; -1;1;0;1;30
202200000686;3;HENRI BARBUSSE (AVE) N°2-124;0;;2;4;0;1;0;1;1;; -1;1;0;1;50
202200000687;2;REVOLUTION (PONT DE LA);0;;3;4;0;1;17;590;1;; -1;1;5;1;50
202200000688;4;ROGER SALENGRO N° 02-92;0;;2;2;0;1;0;0;1;; -1;1;0;1;50
202200000689;4;FOCH RUE DU MARECHAL;0;;2;2;0;1;(1);(1);1;; -1;1;0;1;50
202200000690;3;PAUL ET CAMILLE THOMOUX (RUE) COTE IMPAI;0;;3;5;0;1;0;0;1;; -1;1;0;1;50
202200000691;4;COTY RUE RENE;0;;2;2;0;1;(1);(1);1;; -1;1;0;1;50
202200000692;4;Verdière(chemin)-MONTFAVET;0;;2;2;2;1;0;1;1;; -1;1;5;6;20
202200000693;3;AGRICULTEURS (DES);0;;1;1;0;1;1;430;2;; -1;1;0;1;50
202200000694;1;A50-Sens Aubagne vers Marseille;0;;-1;3;0;1;10;0;1;; -1;1;0;1;90
202200000695;4;RENAULT (ROUTE DE);0;;2;2;0;1;(1);(1);2;; -1;1;0;1;50
202200000696;1;A507 sens Marseille - Aubagne;0;;1;2;0;2;8;0;1;; -1;1;9;1;50
202200000698;6;BOULEVARD ROGER SALENGRO;0;;-1;0;0;1;(1);(1);1;; -1;1;0;8;10
202200000699;3;LUMIERE;0;;1;2;0;1;16;500;1;; -1;2;0;1;50
202200000701;4;DE GAULLE (AV DU GAL) APRES N°26;0;;2;2;0;1;1;0;1;; -1;1;0;1;50
202200000702;1;AUTOROUTE A86;0;;3;4;0;1;51;200;1;; -1;2;1;1;70
202200000703;3;AQUEDUCS(CHEMIN DES);0;;2;2;0;2;0;500;1;; -1;1;0;1;70
202200000704;4;FRANÇOIS MITTERRAND (AVENUE);0;;3;6;3;1;(1);(1);1;; -1;1;5;1;50
202200000705;3;RD 75;0;;2;2;0;1;2;600;3;; -1;1;0;8;70
202200000706;4;EUGENE CARRIERE (RUE);0;;2;2;0;1;(1);(1);1;; -1;1;0;1;50
202200000707;2;RN 104;0;;3;8;0;2;32;500;1;; -1;1;0;1;110
202200000708;4;D 1006;0;;3;2;0;1;(1);(1);1;; -1;1;0;1;50
202200000709;4;CANONNIERS (RUE DES);0;;2;2;0;1;0;0;1;; -1;1;0;1;30
202200000710;4;DOUAUMONT ( AVENUE DE );0;;2;2;0;1;0;0;1;; -1;1;0;1;50
202200000711;1;AUTOROUTE A86;0;;1;2;0;1;51;299;1;; -1;1;1;1;70
202200000712;3;D938;0;;2;3;0;2;17;653;1;; -1;1;0;1;80
202200000713;1;40;-1;A;3;4;0;1;40;900;1;; -1;5;0;1;110
202200000714;4;TARBES DE;0;;2;0;0;1;0;0;1;; -1;1;0;1;50
202200000715;2;315;0;;3;1;0;1;1;399;1;; -1;1;0;1;70
202200000716;4;MADRID (RUE DE);0;;1;1;1;2;0;0;1;; -1;1;0;5;30
202200000717;4;LOEB (AVENUE DE L'INTERNE JACQUES);0;;2;2;0;1;(1);(1);1;; -1;1;0;1;50
202200000718;4;VICTOR BASCH (AVENUE);0;;2;2;0;1;1;0;1;; -1;1;0;1;50
202200000719;1;13;0;;-1;3;0;1;6;699;1;; -1;2;0;1;110
202200000720;3;TERLINCTHUN;0;;2;2;0;1;7;430;1;; -1;1;0;1;70
202200000721;1;AUTOROUTE A6;0;;3;3;0;1;13;300;3;; -1;1;0;1;110
202200000722;4;VERT PRE (RUE DU);0;;2;2;0;1;(1);(1);3;; -1;1;0;1;30
202200000723;1;86;0;;3;3;0;1;1;799;1;; -1;1;0;1;90
202200000724;3;925;-1;D;2;2;0;1;30;105;1;;4;1;0;1;30
202200000725;4;LANNOY (RUE DE);0;;2;2;0;1;(1);(1);1;; -1;1;0;1;50
202200000726;3;915;0;;2;2;0;1;0;160;1;;4;1;5;1;50
202200000727;3;DELESTRAINT (RUE DU GENERAL);0;;2;2;0;1;(1);(1);1;; -1;1;0;1;50
202200000728;1;86;0;;1;2;0;1;5;300;1;; -1;1;0;1;110
202200000729;4;SCRIBE (RUE  AUGUSTIN );0;;2;2;0;2;(1);(1);1;; -1;1;0;1;30
202200000730;3;201;-1;C;2;2;0;2;1;610;1;;4;1;0;1;50
202200000732;4;MEIGNANNE ROUTE DE LA;0;;2;2;0;1;1;0;1;; -1;1;0;1;50
202200000733;1;AUTOROUTE A3;0;;3;8;0;1;0;500;2;; -1;2;0;1;90
202200000734;3;1006;0;D;2;3;0;1;(1);(1);1;; -1;1;5;1;70
202200000735;4;BIRGE BOULEVARD;0;;2;2;0;1;1;0;1;; -1;1;0;1;50
202200000736;1;AUTOROUTE A15;0;;3;6;0;1;18;0;1;; -1;1;0;1;110
202200000737;4;PATIS;0;;1;2;0;1;1;0;2;; -1;1;0;1;30
202200000738;3;66;-1;;2;2;0;1;0;300;2;; -1;1;0;1;-1
202200000739;4;BOULEVARD SALVADOR ALLENDE;0;;3;2;2;1;(1);(1);1;; -1;1;0;1;30
202200000740;1;AUTOROUTE A15;0;;3;8;0;1;8;0;1;; -1;1;0;1;110
202200000741;4;PAPIN (RUE DENIS);0;;-1;2;0;1;(1);(1);1;; -1;1;0;1;30
202200000743;1;AUTOROUTE A15;0;;3;6;0;1;24;200;1;; -1;1;0;1;110
202200000744;3;BELPECH ROUTE DE;0;;2;2;0;1;18;383;1;; -1;1;0;1;80
202200000745;1;AUTOROUTE A103;0;;3;4;0;2;0;1;2;; -1;2;0;1;70
202200000746;7;MARIE REYNOARD (AVENUE);0;;2;2;0;1;3;330;1;; -1;1;5;1;30
202200000747;4;PARIS (RUE DE);0;;2;2;0;1;0;0;1;; -1;1;0;1;50
202200000748;1;AUTOROUTE A1;0;;3;8;0;1;2;200;1;; -1;2;0;1;90
202200000749;4;DE GAULLE (BD CHARLES);0;;2;4;0;1;(1);(1);1;; -1;1;0;1;50
202200000750;1;AUTOROUTE A3;0;;3;5;0;1;15;0;2;; -1;2;0;1;70
202200000752;4;BLUM (RUE LEON);0;;2;2;0;2;1;0;1;; -1;1;0;1;30
202200000753;1;A4.Y;0;;3;4;0;1;20;200;1;; -1;1;0;1;90
202200000754;2;ROCADE 10-11;0;;3;7;0;1;14;5;1;; -1;1;0;1;90
202200000755;1;A104;0;;1;3;0;1;26;899;1;; -1;2;0;1;90
202200000756;3;GALLIENI (RUE DU GENERAL);0;;1;2;0;1;0;1;1;; -1;1;0;1;50
202200000757;2;RN136;0;;1;1;0;1;9;220;1;; -1;1;3;1;70
202200000758;3;FERRY (RUE JULES);0;;2;2;0;1;0;1;1;; -1;1;0;1;90
202200000759;7;VANIERES (AVENUE DE);0;;3;5;0;2;18;689;1;; -1;1;0;1;50
202200000760;1;A86 INT;0;;3;3;0;1;41;799;1;; -1;1;0;1;90
202200000761;4;LONGPERRIER (AVENUE DE);0;;1;1;0;1;0;0;1;; -1;1;0;1;30
202200000762;4;AVE DE MAGUDAS;0;;2;4;2;1;(1);(1);3;; -1;1;0;1;50
202200000763;3;89;-1;A;2;2;0;2;1;400;3;; -1;1;0;3;80
202200000765;4;RUE SAINTE- CATHERINE;0;;1;1;3;2;(1);(1);1;; -1;1;0;6;5
202200000766;4;DE LA ROCHE DU ROI;0;;2;2;2;2;(1);(1);2;; -1;1;0;1;50
202200000767;4;LISBONNE (RUE DE);0;;2;2;0;1;0;0;1;; -1;1;1;8;10
202200000768;4;kaweni-Centrale EDM (rue de la );0;;2;2;0;3;(1);(1);3;; -1;1;0;8;70
202200000769;4;ALL JEAN JAURES;0;;3;2;1;1;(1);(1);1;; -1;1;5;1;30
202200000770;4;GALILEE (RUE);0;;1;1;0;1;0;0;1;; -1;1;0;1;50
202200000771;4;ALIZEES (PROMENADE DES);0;;2;2;0;1;1;0;3;; -1;1;9;1;50
202200000772;3;GIRAUD SANNIER ( Rue );0;;3;2;0;2;3;562;1;; -1;2;0;1;50
202200000773;1;ECHANGEUR ST MARTIN ( A624-RD 901);0;;3;4;0;1;1;700;1;; -1;1;0;1;90
202200000774;4;CONSTANT CHLORE(RUE);0;;2;2;0;1;(1);(1);1;; -1;1;0;1;50
202200000775;3;MITTERRAND ( Ave. François );0;;2;1;0;3;51;200;4;; -1;1;0;1;50
202200000776;3;LEPINE (françois);0;;-1; -1;0;1;0;0;1;; -1;1;0;1;50
202200000777;4;MANDELA  (BOULEVARD);0;;2;2;0;1;(1);(1);1;; -1;1;0;1;50
202200000778;3;SAINTE BEUVE (Bld);0;;3;2;0;1;47;0;4;; -1;1;0;1;50
202200000779;4;CHURCHILL (AVENUE WINSTON);0;;-1;1;0;2;(1);(1);1;; -1;1;0;1;50
202200000780;1;AUTOROUTE A1;0;;3;2;0;1;1;0;1;; -1;1;0;1;90
202200000781;4;POSTES (CHEMIN  DES);0;;2;2;0;1;(1);(1);1;; -1;1;0;1;70
202200000783;4;JOSEPH GILLET                       (QU);0;;2;2;2;1;(1);(1);1;; -1;1;0;5;50
202200000784;3;79;0;;2;2;0;1;16;750;1;; -1;1;0;1;50
202200000786;4;MENIVAL (DE)                        (AV);0;;2;2;0;1;(1);(1);1;; -1;1;5;1;50
202200000787;3;LIEU- DIT VEYRAC (CD117);0;;2;2;0;1;2;500;1;; -1;1;0;1;90
202200000788;3;407;-1;;1;2;0;1;0;21;3;; -1;1;5;1;50
202200000789;2;11 - RT;0;;-1;4;0;1;0;0;3;; -1;1;9;1;70
202200000790;2;RN5-BOISRIPEAUX;0;;2;4;0;1;(1);(1);3;; -1;1;0;1;90
202200000791;3;GRANDE RUE;0;;2;2;0;1;(1);(1);1;; -1;1;6;1;50
202200000792;4;CACHIN (RUE MARCEL);0;;-1;2;0;2;1;0;1;; -1;1;0;1;50
202200000793;4;SEBASTIANU COSTA BD;0;;2;4;0;2;(1);(1);1;; -1;1;0;1;50
202200000794;3;ROUTE NATIONALE 113 - CADESTEAUX;0;;3;2;1;1;0;9;3;; -1;1;0;5;70
202200000795;3;ARGENTEUIL (RUE D');0;;2;2;0;2;0;400;1;; -1;1;0;1;50
202200000796;4;CHATEAU GOMBERT CHEMIN;0;;2;2;0;1;0;0;1;; -1;1;0;1;50
202200000797;4;CORNEILLE(RUE);0;;1;1;0;1;0;100;1;; -1;1;0;1;30
202200000798;4;DIVISION LECLERC (AV. DE LA );0;;2;2;0;1;0;0;1;; -1;2;0;1;50
202200000799;4;AV GENERAL DE GAULLE;0;;2;2;0;2;0;0;1;; -1;1;0;1;30
202200000800;4;BONNARDEL (RUE);0;;1;1;0;1;0;0;1;; -1;1;0;1;50
202200000801;4;MORO GIAFFERI VINCENT RUE;0;;2;2;0;1;(1);(1);1;; -1;1;0;1;50
202200000802;4;NAU (RUE);0;;1;1;0;1;0;0;1;; -1;1;0;1;50
202200000803;4;SAINT QUENTIN (BOULEVARD);0;;1;1;0;1;0;0;1;; -1;2;0;1;50
202200000804;4;GARE (AVENUE DE LA);0;;2;2;0;2;(1);(1);1;; -1;1;9;1;50
202200000805;4;BAILLE (BOULEVARD);0;;2;4;0;1;0;0;1;; -1;1;0;1;50
202200000806;4;CAMPI LOUIS BD;0;;4;2;0;1;(1);(1);3;; -1;1;0;1;50
202200000807;4;AV JEAN MONNET BARRIOL;0;;2;2;0;1;0;0;1;; -1;1;0;1;50
202200000808;3;D 84 ROUTE STRATEGIQUE;0;;2;2;0;2;9;35;1;; -1;1;0;1;70
202200000809;4;Raymond Poincaré (Av);0;;2;2;0;2;(1);(1);3;; -1;2;0;1;50
202200000810;4;LAVALETTE -CHEMIN DE-;0;;2;1;0;1;(1);(1);2;; -1;1;0;8;50
202200000811;3;MONTIVILLIERS (ROUTE DE);0;;2;2;0;1;7;300;3;; -1;2;0;1;50
202200000812;4;MOUTON PAUL HENRI;0;;2;2;0;1;(1);(1);1;; -1;1;0;1;50
202200000813;3;613;-1;;2;2;0;1;85;126;1;; -1;1;0;1;80
202200000814;3;ROUTE DEPARTEMENTALE (N°224);0;;2;2;0;1;25;514;1;; -1;1;0;1;50
202200000815;4;QUEBEC (RUE DU);0;;1;2;0;2;(1);(1);2;; -1;1;0;1;50
202200000816;4;DOCTEUR VICTOR MENARD;0;;2;2;0;1;(1);(1);1;; -1;1;0;1;50
202200000817;3;Rond-Point du Vieux Saule;0;;1;2;0;1;43;662;4;; -1;1;5;1;80
202200000818;4;CHARMILLES (MAIL DES);0;;1;3;2;1;(1);(1);1;; -1;1;0;1;50
202200000819;4;PIERRE BROSSOLETTE                  (R );0;;1;2;0;1;(1);(1);1;; -1;1;0;6;30
202200000820;4;PONSON (CHEMIN DE);0;;2;2;0;1;(1);(1);1;; -1;1;0;1;50
202200000821;4;CROISETTE (BOULEVARD DE LA);0;;3;4;0;1;(1);(1);1;; -1;1;8;8;30
202200000822;4;BALE (RUE DE);0;;2;2;0;1;(1);(1);1;; -1;1;5;1;50
202200000823;4;PORTE DE LA VILLETTE;0;;1;4;0;1;25;100;2;; -1;1;0;1;70
202200000824;3;12;-1;;2;2;0;1;20;500;1;; -1;1;4;6;70
202200000825;4;RATHSAMHAUSEN (RUE DE);0;;3;4;0;1;(1);(1);1;; -1;1;0;1;50
202200000826;4;PORT DE BERCY;0;;1;4;0;1;34;600;1;; -1;1;0;1;70
202200000827;3;CHARCOT  BOULEVARD JEAN;0;;2;3;2;1;17;325;3;; -1;1;5;1;50
202200000829;4;PORTE DE CLICHY;0;;1;4;0;1;19;400;1;; -1;1;0;1;70
202200000830;4;POTTIER (RUE);0;;1;1;0;1;0;0;1;; -1;1;0;1;50
202200000832;4;AVENUE GAMBETTA;0;;2;2;2;2;(1);(1);1;; -1;1;0;1;30
202200000833;4;REPUBLIQUE;0;;2;2;0;1;(1);(1);1;; -1;1;0;1;30
202200000834;3;ROISSY EN FRANCE [CR N9] (CHEMIN DE);0;;1;2;0;1;0;1;1;; -1;1;0;1;50
202200000835;4;RUE DES PLATRIERES;0;;2;2;0;2;(1);(1);3;; -1;1;0;1;30
202200000836;2;RAUSKI;0;;2;0;0;1;40;680;1;; -1;1;0;1;50
202200000837;3;JOHN F. KENNEDY (AVENUE);0;;2;4;0;1;0;1;1;; -1;2;5;1;50
202200000838;4;AVENUE SIMON BOLIVAR;0;;2;2;2;1;(1);(1);1;; -1;1;0;5;30
202200000839;7;BLERIOT (AVENUE LOUIS);0;;2;2;0;1;1;140;1;; -1;1;0;1;50
202200000840;3;27;0;;2;2;0;1;13;50;4;; -1;2;0;1;80
202200000841;4;AVENUE KLEBER;0;;2;3;3;1;(1);(1);1;; -1;1;0;1;30
202200000842;3;168;0;;3;2;0;3;0;700;2;; -1;2;2;3;80
202200000843;4;RICHEPIN (RUE JEAN);0;;2;2;0;1;(1);(1);1;; -1;2;0;1;50
202200000844;4;AVENUE DU MAHATMA GANDHI;0;;2;2;0;1;(1);(1);1;; -1;1;0;1;30
202200000845;3;903;0;;2;2;0;1;(1);(1);1;; -1;2;0;1;80
202200000846;7;QUINET (BD EDGAR);0;;3;4;0;1;(1);(1);1;; -1;1;0;1;50
202200000847;4;VOIE GEORGES POMPIDOU;0;;1;4;1;3;(1);(1);1;; -1;1;0;1;30
202200000850;4;GUERIN RUE DU DOCTEUR;0;;1;1;0;1;(1);(1);1;; -1;1;0;1;50
202200000851;4;ALLEE DE LONGCHAMP;0;;2;2;0;1;(1);(1);1;; -1;1;0;1;30
202200000852;3;16;0;;2;2;0;2;24;132;3;; -1;2;0;1;70
202200000853;7;SAINT VENANT CHARLES RUE;0;;2;2;0;1;(1);(1);1;; -1;1;0;1;50
202200000854;4;ALLEE DU BORD DE L EAU;0;;2;2;0;1;(1);(1);1;; -1;1;0;1;30
202200000855;3;909;0;;2;2;1;1;(1);(1);1;; -1;1;0;1;50
202200000856;4;MONTEBELLO BOULEVARD N° RESTE;0;;3;4;1;1;(1);(1);1;; -1;1;0;1;30
202200000857;4;RUE SAINT CHARLES;0;;1;1;0;1;(1);(1);1;; -1;1;0;4;30
202200000858;3;1201;0;D;1;1;0;1;0;0;2;; -1;1;9;1;50
202200000859;4;CARNEL (RUE  DE );0;;2;2;0;1;(1);(1);1;; -1;1;0;1;30
202200000860;4;RUE MADEMOISELLE;0;;1;0;0;1;(1);(1);1;; -1;1;0;4;30
202200000861;4;ONZE NOVEMBRE (RUE DU);0;;1;1;3;1;0;0;1;; -1;1;0;1;50
202200000862;4;RUE DE BERCY;0;;1;1;0;1;(1);(1);1;; -1;1;0;1;30
202200000863;3;TOULLEC (RUE  FRANCOIS );0;;2;2;0;1;0;245;1;; -1;2;5;1;50
202200000864;4;AVENUE PHILIPPE AUGUSTE;0;;2;2;1;1;(1);(1);1;; -1;1;0;1;30
202200000865;4;BRIAND (RUE ARISTIDE);0;;1;2;0;1;(1);(1);1;; -1;1;0;1;50
202200000866;4;NATIONALE (AVENUE) LA NEUVILLETTE;0;;2;2;0;1;(1);(1);1;; -1;1;2;1;50
202200000867;4;PAIX (BOULEVARD DE LA);0;;1;2;0;1;(1);(1);1;; -1;2;0;1;50
202200000868;4;MEIGNANNE;0;;2;2;0;1;(1);(1);1;; -1;1;0;1;50
202200000869;4;RUE DU CHEMIN VERT;0;;1;1;2;2;(1);(1);1;; -1;1;0;1;30
202200000870;4;MARTIN (BOULEVARD ALEXANDRE);0;;1;3;1;1;(1);(1);1;; -1;1;5;1;50
202200000871;3;959;0;;2;2;0;1;60;430;1;; -1;7;0;3;90
202200000872;3;NATIONALE (ROUTE);0;;2;2;0;1;65;860;1;; -1;1;0;1;50
202200000873;4;VERNISSON (RUE DU);0;;2;1;0;2;(1);(1);1;; -1;1;8;1;50
202200000875;2;PERIPHERIQUE;0;;1;6;0;1;29;399;1;; -1;1;3;1;90
202200000876;3;LAFAYETTE(RUE);0;;2;2;0;1;2;370;1;; -1;2;0;1;50
202200000877;2;JEAN JAURES(QUAI);0;;3;4;0;1;6;95;1;; -1;1;0;6;50
202200000878;4;AVENUE DES JEUX OLYMPIQUES;0;;2;2;0;1;(1);(1);3;; -1;1;0;1;50
202200000879;4;VITRE (BLD DE);0;;2;2;0;1;(1);(1);1;; -1;1;0;1;50
202200000880;3;ST MARCEL(MONTEE);0;;2;2;0;2;0;0;1;; -1;1;0;1;50
202200000881;4;CRS XAVIER ARNOZAN;0;;3;2;0;1;(1);(1);1;; -1;1;0;1;30
202200000882;3;CD 41;0;;2;2;0;2;0;0;2;; -1;2;0;3;70
202200000883;4;AVE DU TAILLAN-MEDOC;0;;2;4;1;1;(1);(1);1;; -1;1;0;1;50
202200000884;4;HOTEL DE VILLE;0;;2;4;0;1;(1);(1);1;; -1;1;0;1;50
202200000885;4;BD LAZARE CARNOT;0;;2;4;3;1;(1);(1);1;; -1;1;0;1;50
202200000886;4;LECLERC (AVENUE DU MARECHAL);0;;3;4;0;1;(1);(1);1;; -1;2;0;1;50
202200000887;4;KERFEUNTEUN RUE DE;0;;2;2;0;1;(1);(1);1;; -1;1;0;1;50
202200000888;3;D 1006;0;;1;3;0;1;15;500;1;; -1;1;0;1;90
202200000889;4;DUQUESNE (DE 8 ET 13 A 23);0;;1;2;0;2;(1);(1);1;; -1;2;5;1;50
202200000890;3;ITALIE (AVE);0;;3;4;0;1;19;84;1;; -1;1;9;1;50
202200000891;4;ORLEANS (RUE D');0;;1;1;0;1;(1);(1);1;; -1;1;0;4;30
202200000892;4;SAULE (AVENUE ANDRE);0;;1;2;0;1;0;0;1;; -1;1;0;1;50
202200000893;3;PONTCOTTIER;0;;1;1;0;1;19;832;1;; -1;1;5;1;50
202200000894;4;BARBUSSE;0;;1;1;3;1;0;0;1;; -1;1;9;1;50
202200000895;4;DUBOUSQUET LABORDERIE (RUE);0;;1;1;0;1;0;0;1;; -1;1;0;1;30
202200000896;4;SABLES   CHEMIN DES;0;;1;1;0;1;(1);(1);2;; -1;2;0;1;50
202200000897;3;423;-1;;2;2;0;1;16;100;1;; -1;2;0;3;80
202200000898;7;CD20 E;0;;1;0;0;3;0;9;1;; -1;1;0;1;50
202200000899;3;901;0;D;3;2;0;2;5;11;2;; -1;2;0;1;90
202200000900;4;STADIUM (CD9);0;;1;1;0;2;0;9;1;; -1;1;3;1;50
202200000901;2;783;-1;;1;1;0;1;(1);(1);2;; -1;2;3;1;50
202200000902;3;PLOMBIERES (BOULEVARD DES);0;;1;3;0;1;0;0;1;; -1;1;3;1;50
202200000903;3;D712;0;D;2;2;0;1;0;0;1;; -1;1;0;1;70
202200000904;3;croix du broual;0;;2;2;0;2;1;230;1;; -1;1;0;3;70
202200000905;7;MERCANTOUR (BD);0;;3;2;0;1;0;0;2;; -1;1;0;1;50
202200000906;3;THONON (ROUTE DE);0;;2;4;0;1;0;0;1;; -1;2;5;1;50
202200000907;3;THIERS (AVENUE);0;;1;1;0;1;1;143;1;; -1;1;0;1;50
202200000908;4;BACHAGA SAID BOUALAM (AVENUE);0;;3;5;0;1;0;0;1;; -1;1;0;1;50
202200000909;3;907;-1;;2;2;0;1;15;100;1;; -1;2;3;1;80
202200000910;3;909;0;A;2;2;0;3;4;900;3;; -1;2;0;1;-1
202200000911;3;907;0;D;2;2;0;1;10;500;1;; -1;2;0;1;50
202200000912;4;MASSENET (RUE);0;;2;1;0;1;0;1;1;; -1;1;0;8;30
202200000913;3;15;-1;;2;2;0;2;3;700;4;; -1;1;0;1;80
202200000914;4;18 AOUT 44 (RUE DU);0;;2;2;0;2;0;0;1;; -1;2;0;1;50
202200000915;3;22;0;D;2;2;0;1;8;250;1;; -1;1;0;1;80
202200000916;3;CRETES (ROUTE DES);0;;2;2;0;2;0;0;1;; -1;2;0;3;80
202200000917;3;952;-1;;2;2;0;2;27;223;1;; -1;1;0;3;90
202200000918;3;1201;-1;;2;2;0;2;53;300;2;;4;1;0;1;50
202200000919;3;941;-1;;2;2;0;2;26;190;1;; -1;1;0;1;50
202200000920;3;ROCADE (DEVIATION D'ARQUES );0;;3;2;0;1;2;0;1;; -1;1;0;1;70
202200000921;4;THOUVENEL (RUE);0;;1;1;0;1;0;1;1;; -1;1;0;1;50
202200000922;3;LIBERATION (ROUTE DE LA);0;;2;2;0;2;1;0;2;; -1;2;2;1;50
202200000923;4;ROGER SALENGRO     (Avenue);0;;2;2;3;1;(1);(1);1;; -1;1;0;1;50
202200000924;4;ANNEXION (RUE DE L');0;;2;2;0;1;0;0;1;; -1;2;0;1;50
202200000925;4;DE GAULLE (AV DU GAL) APRES N°26;0;;3;3;3;1;0;0;1;; -1;1;0;1;50
202200000926;3;3;0;;2;2;0;1;29;960;1;; -1;5;0;8;50
202200000927;3;RD 673 (Rd Pt Cote d'Or, vers rue Buffon;0;;2;2;0;1;22;530;1;; -1;1;0;1;80
202200000928;4;CRAN (AVENUE DE);0;;2;4;2;1;0;0;1;; -1;2;0;5;30
202200000929;3;LATTRE DE TASSIGNY (AVENUE DE);0;;2;2;0;1;20;175;1;; -1;1;5;1;50
202200000930;3;910;-1;;2;2;0;1;17;700;1;; -1;2;0;1;80
202200000931;7;Route Nationale 83;0;;3;2;0;1;41;700;1;; -1;1;0;1;90
202200000932;4;PLAINE (AVENUE DE LA);0;;2;2;2;1;(1);(1);1;; -1;1;0;1;30
202200000933;7;Autoroute A.4;0;;3;3;0;1;6;750;1;; -1;1;0;1;70
202200000934;3;SAINT-OMER (ROUTE DE...............);0;;2;2;0;1;7;690;1;; -1;1;0;8;70
202200000935;2;tsoundzou-Kadjifouni ( rue );0;;2;2;0;1;(1);(1);1;; -1;2;0;1;50
202200000936;4;ARRAS (RUE D'........);0;;2;4;0;1;(1);(1);1;; -1;1;0;1;30
202200000937;3;CABASSOU (ROUTE DE);0;;2;2;0;1;0;500;1;; -1;1;0;5;50
202200000938;3;FELIX EBOUE(ROCADE);0;;2;2;0;1;2;49;1;; -1;2;0;1;50
202200000939;2;ROUTE NATIONALE 1;0;;1;4;0;1;1;49;1;; -1;1;0;1;90
202200000940;3;1001;-1;;2;2;0;1;40;100;1;;7;2;0;1;80
202200000941;3;TIGRE (ROUTE DU);0;;2;2;0;1;1;299;1;; -1;2;0;8;50
202200000942;3;LONGWY (RUE DE);0;;2;2;0;1;2;920;1;; -1;2;0;1;50
202200000943;4;FELIX BRUN                          (R );0;;2;2;0;1;(1);(1);1;; -1;1;0;1;50
202200000944;4;BELGES (DES)                        (BD);0;;2;2;3;1;(1);(1);1;; -1;1;0;1;50
202200000945;3;ROUTE DEPARTEMENTALE 13;0;;2;2;0;3;3;500;3;; -1;1;0;1;50
202200000946;3;D 1006;0;;3;4;0;1;17;0;1;; -1;1;0;1;70
202200000947;3;RD 13;0;;2;4;0;1;1;0;1;; -1;2;0;1;50
202200000948;2;Secteur Pont de la Gabarre;0;;3;4;0;1;(1);(1);1;; -1;1;0;1;90
202200000949;2;Pont de BLANCHARD;0;;3;2;0;1;(1);(1);2;; -1;1;5;1;50
202200000950;3;PERI (AVENUE GABRIEL);0;;2;4;0;1;0;100;1;; -1;1;0;1;50
202200000951;3;NATIONALE 6 (CES POMPIDOU);0;;3;2;0;1;1;0;1;; -1;1;0;1;90
202200000952;4;DE GAULLE (AVENUE DU GENERAL);0;;2;2;0;1;0;0;1;; -1;1;0;1;30
202200000953;4;MAUVENDIERE (RUE DE LA);0;;2;2;0;1;0;0;1;; -1;1;0;1;30
202200000955;4;INFANTERIE DE MARINE (AVE D');0;;3;4;1;1;0;0;1;; -1;1;0;5;50
202200000956;7;GIENS (ROUTE DE );0;;2;2;0;1;3;100;1;; -1;1;0;1;50
202200000957;3;GABRIEL PERI (AVENUE);0;;3;4;0;1;7;320;1;; -1;1;0;1;50
202200000958;4;VEUVE FLEURET (RUE);0;;1;1;1;1;(1);(1);1;; -1;1;2;1;50
202200000959;3;RHIN ET DANUBE (PONT);0;;2;2;0;1;6;70;1;; -1;1;2;1;50
202200000960;3;FRERES LEIRIS RUE DES;0;;2;2;0;1;6;620;1;; -1;1;0;8;50
202200000961;4;BOULEVARD PIERRE MENDES FRANCE;0;;-1;0;0;1;(1);(1);1;; -1;1;0;1;10
202200000962;7;YSER. BOULEVARD DE L';0;;2;3;3;2;(1);(1);1;; -1;1;-1;6;50
202200000963;4;APLEMONT (D');0;;2;5;2;1;(1);(1);1;; -1;1;0;1;50
202200000964;3;RD 6015;0;;3;3;0;1;95;400;1;; -1;1;0;1;70
202200000965;4;BOURSE (ARCADES DE LA);0;;1;2;0;1;0;0;1;; -1;1;9;8;30
202200000966;4;MAURICE THOREZ                      (AV);0;;2;2;3;2;(1);(1);3;; -1;1;0;1;50
202200000967;7;GENERAL DE GAULLE (ROUTE DU);0;;2;4;3;1;1;400;1;; -1;1;0;1;50
202200000968;4;ILL (RUE DE L );0;;3;6;1;1;(1);(1);1;; -1;1;0;1;50
202200000970;3;960;-1;;2;3;0;1;54;370;1;; -1;1;0;1;90
202200000971;3;92;0;D;2;2;0;1;25;600;1;; -1;1;0;1;50
202200000972;1;11;-1;;-1;5;0;1;103;0;1;; -1;1;3;3;130
202200000974;3;577;0;;2;3;0;2;9;185;2;; -1;1;0;3;90
202200000975;3;19;-1;;2;2;0;1;20;900;1;; -1;1;0;1;50
202200000976;3;307;-1;;2;2;0;1;4;830;1;; -1;1;0;1;90
202200000977;1;84;-1;;3;4;0;1;223;90;2;; -1;1;0;3;130
202200000978;3;75;0;E;2;2;0;1;47;815;1;; -1;1;0;1;80
202200000979;3;1;0;D;2;2;0;1;65;500;1;;5,5;1;0;1;50
202200000980;3;5;-1;;2;2;0;1;1;650;3;; -1;1;0;3;90
202200000981;3;191;0;D;2;2;0;2;0;900;3;; -1;1;0;4;80
202200000982;3;74;-1;;2;2;0;2;3;700;2;; -1;1;0;1;-1
202200000983;3;72;0;;2;2;0;2;12;300;2;; -1;1;0;3;80
202200000984;2;10;0;T;2;2;0;1;55;800;1;;7;1;0;1;80
202200000985;3;173;0;;2;2;0;2;5;325;2;; -1;1;0;1;80
202200000986;3;254;-1;;2;2;0;1;2;10;1;; -1;1;0;1;80
202200000987;3;35;0;;2;2;0;1;35;600;1;; -1;1;0;8;80
202200000988;3;20;-1;;2;2;0;2;5;638;2;; -1;1;0;3;80
202200000989;2;80;-1;;3;4;0;2;36;0;1;; -1;1;0;1;110
202200000990;3;974;2;;2;2;0;4;2;100;3;;4;1;0;1;80
202200000991;3;369;0;;2;2;0;1;1;0;2;; -1;2;8;8;80
202200000992;3;1;-1;;2;2;0;1;43;150;1;;5,5;1;4;1;50
202200000994;3;120;-1;;2;2;0;2;11;925;3;; -1;1;0;8;80
202200000995;3;380;-1;;2;2;0;2;1;725;2;; -1;1;0;1;50
202200000996;3;30;0;;2;2;0;2;27;257;2;; -1;1;0;1;90
202200000997;3;11;0;;2;2;1;1;2;870;1;;5,5;1;0;1;80
202200000998;3;RD 22;-1;;2;2;0;1;35;500;1;; -1;1;0;1;90
202200000999;3;86;0;A;2;1;0;1;5;425;1;;3;1;0;1;80
202200001000;3;75;0;;2;2;0;1;1;300;1;; -1;1;0;8;80
202200001001;3;54;0;;2;2;0;1;9;50;1;; -1;1;0;1;80
202200001003;3;950;-1;;2;2;0;2;60;400;1;; -1;1;0;1;90
202200001005;3;107;0;D;2;2;0;1;11;760;1;; -1;1;0;1;80
202200001006;3;968;-1;;2;2;0;1;24;880;1;; -1;1;0;1;50
202200001007;3;45;-1;;2;2;0;1;8;456;1;; -1;1;0;1;80
202200001008;3;840;0;D;1;1;0;1;48;400;2;; -1;1;0;1;80
202200001010;2;10;0;;2;3;0;2;55;250;2;;10,5;1;0;3;80
202200001011;3;32;-1;;2;2;0;1;3;500;1;; -1;1;0;1;80
202200001013;3;114;-1;;2;2;0;1;11;400;1;; -1;1;2;1;80
202200001015;1;71;0;;3;4;0;4;280;350;2;; -1;1;0;1;130
202200001016;3;2;-1;;2;2;0;1;10;300;1;; -1;1;0;1;50
202200001017;1;42;-1;;3;5;0;1;7;0;1;; -1;1;0;1;110
202200001018;3;17;-1;;2;2;0;1;9;500;1;; -1;1;0;3;80
202200001019;1;8;0;A;1;3;0;1;177;210;2;; -1;1;0;1;110
202200001020;3;2;-1;;2;2;0;2;0;0;2;; -1;1;0;1;70
202200001021;3;437;0;D;2;2;0;1;29;150;3;; -1;1;5;1;70
202200001022;3;10;0;D;2;2;0;2;1;250;1;;7;1;0;1;70
202200001023;3;140;-1;;2;3;0;1;12;670;1;; -1;1;0;1;90
202200001024;2;30;0;;2;2;0;1;17;500;1;; -1;1;6;8;70
202200001025;6;0;0;;-1;0;0;1;(1);(1);1;;0;1;9;8;-1
202200001026;3;900;-1;;2;2;0;1;42;422;1;; -1;1;0;1;30
202200001027;3;25;0;D;2;2;0;1;(1);(1);1;; -1;1;0;3;80
202200001028;3;468;0;D;1;2;0;1;100;500;2;; -1;1;5;1;50
202200001030;3;65;-1;B;2;2;0;1;0;500;3;; -1;1;0;1;80
202200001031;3;532;0;;1;2;0;1;20;850;3;; -1;1;5;1;30
202200001032;3;8;0;;2;2;0;1;15;918;1;; -1;1;0;1;80
202200001033;3;7;0;;3;2;2;1;(1);(1);1;; -1;1;0;8;80
202200001034;3;13;0;D;2;2;0;1;31;660;1;; -1;1;0;1;80
202200001036;3;330;0;;2;2;0;1;3;500;1;; -1;1;0;1;80
202200001037;1;A50-Sens Marseille vers Aubagne;0;;1;3;0;1;5;0;1;; -1;1;0;1;90
202200001038;1;A50;0;;3;3;0;1;49;909;3;; -1;1;0;1;130
202200001039;1;A50;0;;3;6;0;1;62;300;1;; -1;1;0;1;110
202200001040;2;RN 104;0;;2;4;0;1;41;200;1;; -1;1;0;1;110
202200001041;1;AUTOROUTE A6;0;;1;3;0;1;15;949;1;; -1;1;0;1;110
202200001042;1;AUTOROUTE A6;0;;3;12;0;1;26;149;1;; -1;1;0;1;110
202200001043;2;RN 104;0;;1;2;0;1;44;520;1;; -1;1;3;3;90
202200001044;1;A86;0;;3;2;0;3;4;400;1;; -1;1;0;1;70
202200001045;1;AUTOROUTE A1;0;;3;6;0;1;13;600;1;; -1;1;0;1;110
202200001046;1;AUTOROUTE A86;0;;1;2;0;2;26;0;1;; -1;1;0;1;50
202200001047;2;RN 104;0;;3;4;0;1;15;600;1;; -1;1;0;1;110
202200001048;1;A104;0;;3;4;0;1;8;500;1;; -1;1;0;1;90
202200001049;1;A86.EXT;0;;3;3;0;1;30;0;1;; -1;1;0;1;90
202200001050;1;A5b;0;;3;3;0;1;0;600;1;; -1;1;0;3;90
202200001051;1;A4;0;;3;5;0;1;6;200;1;; -1;1;0;1;90
202200001052;1;A86.EXT;0;;3;3;0;1;30;0;1;; -1;1;0;1;90
202200001053;1;A104;0;;1;2;0;1;17;500;1;; -1;1;0;1;90
202200001054;2;RN406.W;0;;3;2;0;1;3;900;3;; -1;1;0;1;70
202200001055;3;985;0;;1;4;0;2;0;0;1;; -1;1;0;1;50
202200001056;9;ISAUTIER (AVENUE CHARLES);0;;2;2;0;1;9412;0;3;; -1;1;0;1;50
202200001057;2;RN1 (ROUTE NATIONALE);0;;1;4;0;3;82;0;3;; -1;1;0;3;110
202200001058;4;A.HENRI(RUE);0;;2;2;0;1;(1);(1);1;; -1;1;9;1;50
202200001059;1;A1;0;;3;8;0;1;0;300;1;; -1;1;0;1;90
202200001060;4;BOURBONNAIS (DU)                    (R );0;;1;1;2;1;(1);(1);1;; -1;2;0;1;30
202200001061;2;CHARLES DE GAULLE (BD DU GENERAL);0;;2;2;0;1;(1);(1);1;; -1;2;2;1;50
202200001062;3;BANDOL (ROUTE)N° IMPAIRS;0;;2;2;0;2;15;100;1;; -1;1;0;4;50
202200001064;3;PAUL DEMANGE (RUE);0;;2;2;0;1;8;60;1;; -1;1;0;1;50
202200001065;7;CD 18E (BOULEVARD INDUSTRIEL);0;;3;4;0;1;0;1;1;; -1;1;0;8;70
202200001066;7;GARIBALDI                           (AV);0;;2;4;0;1;0;0;1;; -1;1;5;1;50
202200001067;4;DIVISION LECLERC (DE LA)            (AV);0;;2;2;0;1;(1);(1);1;; -1;1;0;4;50
202200001068;3;COLMAR (ROUTE DE);0;;2;2;0;1;67;600;3;; -1;2;0;1;50
202200001069;4;DUFAU;0;;1;3;3;1;0;0;1;; -1;1;0;1;50
202200001070;4;BAB (BOULEVARD DU);0;;2;4;0;1;0;0;2;; -1;1;0;3;50
202200001071;4;BANC VERT;0;;2;2;1;1;(1);(1);1;; -1;2;0;1;50
202200001072;4;BARTH (RUE FELIX );0;;3;2;0;1;0;0;1;; -1;1;9;1;50
202200001073;3;LIBERTE (BOULEVARD DE LA);0;;1;2;0;1;46;984;2;; -1;1;2;1;50
202200001074;4;LIBERATION (AVENUE DE LA);0;;2;3;0;1;(1);(1);1;; -1;1;0;1;50
202200001075;3;373;-1;;2; -1;0;1;1;810;1;; -1;1;5;1;-1
202200001076;4;ALLIES (BOULEVARD DES);0;;2;4;1;1;(1);(1);1;; -1;1;0;1;50
202200001078;4;CRS SAINT LOUIS;0;;1;2;0;1;(1);(1);1;; -1;1;0;1;50
202200001079;3;OCEAN (BD DE L');0;;2;2;0;1;5;380;1;; -1;1;0;1;30
202200001080;4;SAND (RUE GEORGES);0;;2;2;0;1;(1);(1);1;; -1;1;0;4;50
202200001081;4;SEBASTOPOL;0;;1;2;0;1;(1);(1);1;; -1;1;5;1;50
202200001082;4;VERDUN AVENUE DE (301);0;;3;2;0;1;(1);(1);1;; -1;1;0;1;50
202200001084;4;AMELOT   RUE;0;;1;2;0;1;(1);(1);1;; -1;1;0;1;30
202200001085;4;ORBIGNY   RUE ALCIDE D';0;;2;2;0;1;(1);(1);1;; -1;1;0;8;30
202200001086;3;TRACHE (RUE DE LA);0;;2;2;0;1;0;100;1;;6,5;1;0;1;50
202200001087;4;CALVADOS (AVENUE DU);0;;1;2;0;1;(1);(1);1;; -1;1;8;1;50
202200001088;4;BD MAURICE BOURDET;0;;2;2;0;2;(1);(1);4;; -1;1;0;1;50
202200001089;4;FRANCE (BOULEVARD ANATOLE);0;;2;2;0;1;0;0;1;; -1;1;0;1;50
202200001091;3;JULES DIDIER (RUE);0;;2;2;0;1;0;0;1;; -1;1;0;4;50
202200001092;4;ARSON (RUE);0;;1;2;0;1;0;0;1;; -1;1;0;1;50
202200001093;4;CHEVREFEUILLES (CHEMIN DES);0;;2;2;0;2;0;0;1;; -1;1;0;1;50
202200001094;4;PORTE DE VINCENNES;0;;1;4;0;1;31;800;1;; -1;1;0;1;70
202200001095;4;ECHANGEUR ORLEANS;0;;1;2;0;1;(1);(1);1;; -1;1;0;1;50
202200001096;4;PORTE BRANCION;0;;1;3;0;1;(1);(1);1;; -1;1;0;1;70
202200001097;4;AVENUE JEAN JAURES;0;;2;3;2;1;(1);(1);1;; -1;1;0;1;30
202200001098;4;AVENUE DE LA PORTE DE SAINT CLOUD;0;;2;2;1;1;(1);(1);1;; -1;1;0;1;30
202200001099;4;AVENUE DU GENERAL SARRAIL;0;;1;1;0;1;(1);(1);1;; -1;1;0;1;30
202200001100;4;RUE LEON DIERX;0;;1;1;0;1;(1);(1);1;; -1;1;0;1;30
202200001101;4;RUE DE LA CROIX NIVERT;0;;2;2;0;1;(1);(1);1;; -1;1;0;1;30
202200001102;4;BOULEVARD DE PORT ROYAL;0;;2;4;0;1;(1);(1);2;; -1;1;0;1;30
202200001104;4;AVENUE DU TREMBLAY;0;;-1;2;0;1;(1);(1);1;; -1;1;0;1;50
202200001105;3;SOLEIL LEVANT (BOULEVARD DU);0;;2;2;0;2;3;963;2;; -1;1;0;1;50
202200001106;4;QUAI DE LA RAPEE;0;;1;2;0;2;(1);(1);1;; -1;1;0;1;50
202200001107;4;AVENUE PARMENTIER;0;;2;2;0;1;(1);(1);1;; -1;1;0;1;30
202200001108;4;GARE (AVENUE DE LA);0;;2;2;0;1;0;0;1;; -1;1;0;1;50
202200001109;4;BOULEVARD MALESHERBES;0;;2;4;0;1;(1);(1);1;; -1;1;0;1;50
202200001110;3;RUE DES CHAMPARTS;0;;2;1;0;1;0;0;1;; -1;1;0;1;50
202200001111;4;AVENUE DES CHAMPS ELYSEES;0;;2;10;0;1;(1);(1);1;; -1;1;0;1;50
202200001112;4;RUE MAXIME PETIT;0;;2;1;0;1;0;100;1;; -1;1;0;1;30
202200001113;3;YOURI GAGARINE (AV);0;;1;2;0;1;(1);(1);1;; -1;1;0;1;50
202200001114;3;FRACHON ( ave Benoit);0;;2;2;2;2;1;0;1;; -1;1;0;1;50
202200001115;4;WILSON (PLACE);0;;2;4;0;1;0;0;1;; -1;1;0;1;30
202200001116;3;ALGESIRAS (R D);0;;1;1;0;1;(1);(1);1;; -1;1;0;1;50
202200001117;3;FOUGERAS (RUE DE);0;;1;2;0;1;(1);(1);2;; -1;1;0;1;50
202200001118;3;JEAN JAURES (AV);0;;1;2;0;1;0;0;1;; -1;1;0;1;50
202200001119;7;PICOT (AVE DU COLONEL);0;;2;2;0;2;1;920;1;; -1;1;0;1;50
202200001120;4;RIGOUMEL (CHEMIN DE);0;;2;2;0;3;0;0;1;; -1;1;0;1;30
202200001121;3;JEAN JAURES (R);0;;2;2;0;1;0;0;1;; -1;1;0;1;50
202200001122;4;EUROPE (BD DE L');0;;1;1;0;4;0;0;3;; -1;1;6;6;50
202200001123;3;EDOUARD HERRIOT (AV);0;;1;1;0;1;0;0;1;; -1;1;5;1;30
202200001124;3;BUGE (CHEMIN DE LA) N° IMPAIRS;0;;3;2;0;1;0;310;1;; -1;1;0;1;50
202200001125;3;LOUBES (ROUTE DES);0;;2;2;0;1;3;800;1;; -1;1;0;1;70
202200001126;3;PORCHES (CH.DES);0;;2;1;0;1;41;160;1;; -1;1;2;1;50
202200001127;4;PASTEUR (AV);0;;1;2;0;1;0;0;1;; -1;1;0;1;30
202200001129;4;VICTOR HUGO (R);0;;2;3;0;2;0;0;1;; -1;1;0;1;30
202200001130;9;CHAPIT RE ( RUE DU);0;;1;2;0;1;0;0;1;; -1;1;0;1;50
202200001131;3;GENERAL LECLERC (BOULEVARD);0;;2;2;3;2;0;404;1;; -1;1;6;6;50
202200001132;4;MARTHE (RUE);0;;1;1;0;1;0;0;1;; -1;1;0;4;50
202200001133;4;BROGLIE. BOULEVARD MAURICE DE;0;;2;2;3;1;0;0;1;; -1;1;0;1;30
202200001134;3;GASTON BUSSIERE (PLACE);0;;1;2;0;1;0;1;1;; -1;1;0;1;30
202200001135;4;PLOUICH;0;;2;2;0;1;0;1;1;; -1;1;0;1;30
202200001136;4;LECOUTEUX LIONEL (PL) N° 3;0;;1;1;0;1;0;0;2;; -1;1;8;1;50
202200001137;3;MEDERIC (AVENUE);0;;2;2;0;1;0;1;1;; -1;1;0;1;50
202200001138;4;ROUILLON (RTE DE);0;;2;2;0;2;0;0;3;; -1;1;2;1;50
202200001139;4;PIERRE BROSSOLETTE;0;;1;1;0;1;0;0;1;; -1;1;0;1;30
202200001140;4;DOYENNE (RUE DU);0;;1;1;0;2;(1);(1);1;; -1;1;0;1;50
202200001141;3;MARECHAL FOCH (AVENUE) COTE PAIR;0;;3;5;0;1;1;1;1;; -1;1;0;1;50
202200001142;7;LONDRES (AVENUE DE);0;;2;2;1;1;(1);(1);1;; -1;1;5;1;50
202200001143;3;PASTEUR AV.;0;;2;2;0;1;1;1;1;; -1;2;9;8;50
202200001144;4;CHAMP DE MANOEUVRE (RUE DU);0;;2;2;0;1;0;0;1;; -1;1;0;1;50
202200001145;4;LUXEMBOURG (AL. DE);0;;2;2;0;1;1;0;2;; -1;1;0;1;50
202200001146;4;JEAN MERMOZ;0;;2;3;3;1;0;0;1;; -1;1;0;1;50
202200001148;3;NAVARRE (AVENUE HENRI DE);0;;2;2;0;2;4;61;1;; -1;1;0;1;50
202200001150;4;THOMAS (RUE ALBERT)_EST;0;;2;2;0;2;(1);(1);1;; -1;1;0;1;30
202200001151;1;BRETELLE ACCES A22;0;;1;1;0;1;21;700;1;; -1;1;0;1;50
202200001152;7;RESISTANTS (RUE DES );0;;2;2;1;1;(1);(1);1;; -1;1;0;1;50
202200001153;4;MOTHE (RUE DE LA);0;;2;2;0;1;(1);(1);1;; -1;1;0;1;50
202200001154;3;PATTON (AVENUE);0;;2;0;0;1;9;946;1;; -1;1;0;1;50
202200001155;4;BEZANNES (RUE);0;;2;2;0;2;(1);(1);1;; -1;1;0;1;50
202200001156;4;VAILLANT (RUE EDOUARD);0;;2;2;0;1;(1);(1);1;; -1;1;0;1;50
202200001157;4;DESPORTES;0;;1;1;0;1;(1);(1);1;; -1;1;4;1;30
202200001158;4;MONPLAISIR BOULEVARD;0;;2;3;0;1;1;0;1;; -1;1;0;1;50
202200001159;4;RESISTANCE ET DEPORTATION BLD;0;;2;2;0;1;1;0;1;; -1;1;0;1;30
202200001160;4;RAMON BOULEVARD;0;;2;2;0;1;1;0;1;; -1;1;0;1;30
202200001161;2;R1113 (VOIE SUR BERGE DE GARONNE);0;;2;2;0;1;18;400;1;; -1;1;0;1;80
202200001162;4;FAUBOURG BANNIER (RUE DU );0;;2;2;0;1;(1);(1);1;; -1;1;0;1;50
202200001163;4;FUSILLES (RUE DES);0;;1;1;0;1;(1);(1);1;; -1;1;0;1;30
202200001164;4;ROND POINT EMMAUS;0;;1;2;0;1;(1);(1);2;; -1;1;9;1;50
202200001165;4;RENNES (RUE DE);0;;3;2;3;1;(1);(1);2;; -1;1;0;5;30
202200001166;4;PYRENEES (AVE DES);0;;2;2;2;1;(1);(1);1;; -1;1;0;1;50
202200001167;4;BD MARECHAL LECLERC;0;;3;4;3;1;(1);(1);1;; -1;1;5;1;50
202200001168;4;AVE DU TAILLAN-MEDOC;0;;2;2;0;1;(1);(1);1;; -1;1;0;1;50
202200001169;3;CARNOT (RUE DU PRESIDENT);0;;2;2;0;1;0;800;2;; -1;1;0;1;50
202200001170;4;rue Lagrua;0;;2;2;0;1;(1);(1);3;; -1;1;0;1;50
202200001171;4;ALL HENRI SELLIER;0;;2;2;0;1;(1);(1);1;; -1;1;6;1;30
202200001172;7;FAUBOURG BONNEFOY (RUE DU) DU 1AU 231;0;;2;3;3;1;0;513;1;; -1;1;9;6;50
202200001173;4;RUE DU POLE;0;;2;2;0;1;(1);(1);2;; -1;1;0;1;50
202200001174;4;DOCTEUR CHARCOT;0;;-1;1;0;1;(1);(1);1;; -1;1;0;1;50
202200001175;3;CHAMP DE VILLE (PLACE DU);0;;2;2;0;1;48;970;1;; -1;1;0;1;50
202200001176;3;KERMARIA SULARD (ROUTE DE);0;;2;2;0;3;1;0;2;; -1;1;0;1;70
202200001177;4;CLEMENCEAU (BOULEVARD);0;;1;1;0;1;0;0;1;; -1;1;0;1;50
202200001178;4;Raymond Poincaré (Av);0;;2;2;0;2;0;0;3;; -1;1;0;1;30
202200001179;4;MALAKOFF (AVENUE);0;;2;2;0;1;(1);(1);1;; -1;1;0;5;50
202200001180;4;MARTY (RUE PIERRE);0;;2;2;0;1;(1);(1);1;; -1;1;0;1;30
202200001181;4;AVENUE GUYNEMER -GEORGES;0;;2;2;0;1;0;0;1;; -1;1;0;1;50
202200001182;3;CROIX ROUGE (AVENUE);0;;-1;2;0;1;(1);(1);1;; -1;1;0;1;50
202200001183;2;R.N 569;0;;1;1;0;2;19;0;1;; -1;1;0;1;50
202200001184;4;ECOLE JEAN MERMOZ;0;;2;2;0;1;0;0;1;; -1;1;0;1;50
202200001185;4;CENTRALE (RUE);0;;2;2;0;3;0;0;1;; -1;1;0;1;30
202200001186;4;MADELEINE;0;;2;2;0;2;0;0;1;; -1;1;0;1;50
202200001187;4;PLAGE BOULEVARD DE LA;0;;-1;2;0;1;1;0;1;; -1;1;0;1;50
202200001188;3;MAJORAL ARNAUD (AV.);0;;2;2;0;1;13;100;1;; -1;1;5;1;50
202200001189;3;LENT (ROUTE DE);0;;2;2;0;1;10;322;1;; -1;1;0;1;80
202200001190;4;PORTE DE CLICHY;0;;1;4;0;1;19;0;1;; -1;1;0;1;70
202200001191;4;RUE DANTON;0;;-1;1;0;1;0;0;1;; -1;1;0;1;30
202200001192;4;RUE DE BELLEVILLE;0;;2;2;0;4;(1);(1);1;; -1;1;0;1;30
202200001193;4;AVENUE DE FLANDRE;0;;1;1;0;1;(1);(1);1;; -1;1;0;1;30
202200001194;4;RUE DE BELLEVILLE;0;;2;2;0;2;(1);(1);1;; -1;1;0;1;30
202200001195;4;RUE ORDENER;0;;2;0;0;1;(1);(1);1;; -1;1;0;1;30
202200001196;4;RUE DES VIGNES;0;;-1;2;0;1;(1);(1);1;; -1;1;0;1;50
202200001197;4;RUE DE VAUGIRARD;0;;2;4;1;1;(1);(1);1;; -1;1;0;1;30
202200001198;4;RUE LINOIS;0;;2;4;1;1;(1);(1);1;; -1;1;-1;5;30
202200001199;4;RUE LECOURBE;0;;1;2;3;1;(1);(1);1;; -1;1;-1;6;30
202200001200;4;BOULEVARD GARIBALDI;0;;1;1;0;1;(1);(1);1;; -1;1;0;1;30
202200001201;4;BOULEVARD JOURDAN;0;;2;8;0;1;(1);(1);1;; -1;1;0;1;50
202200001202;4;AVENUE D IVRY;0;;1;2;1;1;(1);(1);1;; -1;1;-1;5;30
202200001203;4;BOULEVARD KELLERMANN;0;;2;5;1;4;(1);(1);1;; -1;1;-1;5;30
202200001204;4;BOULEVARD DE REUILLY;0;;1;2;2;1;(1);(1);1;; -1;1;0;1;30
202200001205;4;BOULEVARD DE CLICHY;0;;1;1;1;1;(1);(1);1;; -1;1;-1;5;30
202200001206;4;RUE D AMSTERDAM;0;;1;1;0;2;(1);(1);1;; -1;1;0;1;30
202200001207;4;PLACE DE LA CONCORDE;0;;2;4;0;1;(1);(1);1;; -1;1;0;1;30
202200001208;4;AVENUE DES CHAMPS ELYSEES;0;;2;8;1;2;(1);(1);1;; -1;1;6;5;30
202200001209;4;RUE DU LOUVRE;0;;2;4;0;1;(1);(1);1;; -1;1;0;1;30
202200001210;4;RUE BLONDEL;0;;1;1;0;1;(1);(1);1;; -1;1;0;1;30
202200001211;4;BOULEVARD DE LA MADELEINE;0;;2;6;0;1;(1);(1);1;; -1;1;0;1;30
202200001212;3;GABRIEL PERI (R);0;;2;0;0;1;0;0;1;; -1;1;0;1;30
202200001213;3;PARIS (AV DE);0;;2;4;2;2;0;0;1;; -1;1;0;5;50
202200001214;4;GABRIEL PERI (R);0;;-1;2;0;4;0;0;1;; -1;1;0;1;50
202200001215;3;RHIN ET DANUBE(RUE DU);0;;3;6;3;1;0;1;1;; -1;1;0;1;50
202200001216;4;PASTEUR VALERY RADOT(IMPASSE ET RUE);0;;2;2;0;1;0;0;1;; -1;1;0;1;50
202200001217;4;COMBAULT (AV DE);0;;2;2;0;1;0;0;1;; -1;1;0;1;50
202200001218;3;Andre Rouy (AV);0;;2;2;0;1;0;1;1;; -1;1;0;1;50
202200001219;4;DAMBEL (AVENUE EMILE);0;;2;2;0;1;0;0;1;; -1;1;9;1;50
202200001220;4;POTERIE;0;;1;1;0;1;0;1;1;; -1;1;0;4;50
202200001221;4;NICOLAS CARNOT (ALLEE);0;;2;2;0;1;0;0;1;; -1;1;0;1;30
202200001222;3;PAUL ET CAMILLE THOMOUX (RUE) COTE PAIR;0;;2;2;0;1;1;1;1;; -1;1;0;1;50
202200001223;6;EST ALLEE DE L';0;;-1; -1;0;1;1;0;1;; -1;1;0;8;10
202200001224;3;VAILLANT-COUTURIER (AVENUE PAUL);0;;3;4;3;1;0;1;1;; -1;1;0;1;50
202200001225;4;REPUBLIQUE (PL. DE LA);0;;1;2;0;1;5;0;1;; -1;1;0;4;30
202200001226;3;BARBUSSE (AVENUE HENRI) A30;0;;2;2;0;1;0;1;1;; -1;1;0;1;50
202200001227;3;MITRY [CD115] (ROUTE DE);0;;3;4;0;1;1;1;1;; -1;1;0;1;50
202200001228;3;985;0;;1;2;0;2;0;0;1;; -1;1;0;4;50
202200001230;3;BONAPARTE (AVENUE NAPOLEON) SUD;0;;1;2;0;1;0;0;1;; -1;1;0;1;50
202200001231;3;104;0;;2;2;0;2;0;0;1;; -1;1;0;1;50
202200001232;3;JOLIOT CURIE F. ET IRENE AVENUE  N°PAIRS;0;;2;0;0;1;0;0;1;; -1;1;0;1;50
202200001233;3;920;0;;3;8;0;1;0;0;1;; -1;1;0;1;50
202200001234;3;20;0;;2;5;0;1;0;0;1;; -1;1;0;1;50
202200001235;3;21;0;;3;4;0;1;0;0;1;; -1;1;0;1;50
202200001236;3;7;0;;3;4;0;1;0;0;1;; -1;1;0;1;50
202200001237;3;GABRIEL PERI (RUE);0;;4;3;0;1;0;0;1;; -1;1;0;1;30
202200001238;3;920;0;;1;2;0;1;0;0;1;; -1;1;0;1;50
202200001239;3;77;0;;1;0;0;1;0;0;2;; -1;1;0;1;50
202200001240;3;41;-1;;2;2;0;2;3;400;1;; -1;1;0;1;-1
202200001241;3;1;0;D;2;2;0;1;1;988;1;; -1;1;0;1;80
202200001243;3;37;0;D;2;2;0;1;32;490;3;; -1;1;0;3;80
202200001244;3;20;-1;N;3;4;0;1;57;0;3;; -1;1;0;1;90
202200001245;3;113;-1;;2;2;0;2;13;(1);3;; -1;1;0;8;80
202200001246;3;910;-1;;2;2;0;1;15;171;1;; -1;1;0;1;70
202200001247;1;6;0;;3;5;0;1;379;110;1;; -1;1;0;1;130
202200001248;2;6;-1;;2;2;0;2;7;500;2;; -1;2;0;3;80
202200001249;1;6;-1;;3;4;0;1;268;589;1;; -1;1;0;1;130
202200001250;7;5;-1;D;2;2;0;1;3;400;1;; -1;1;8;1;50
202200001251;3;22;0;C;3;2;0;1;1;695;1;; -1;2;9;1;70
202200001254;3;88;0;D;2;2;0;1;11;850;1;; -1;1;0;1;80
202200001255;3;3;-1;;2;2;0;2;3;600;1;; -1;1;9;3;80
202200001256;3;17;0;;2;2;0;1;15;326;1;; -1;9;0;1;50
202200001258;3;906;0;;2;2;0;1;87;921;1;; -1;1;0;1;80
202200001259;3;681;-1;;2;2;0;1;30;450;1;; -1;1;0;3;70
202200001260;3;965;-1;;2;2;0;2;68;570;1;; -1;1;0;1;70
202200001261;3;768;-1;;2;2;0;2;27;925;1;; -1;1;0;1;90
202200001262;7;100;0;M;1;2;0;1;0;10;2;;0;1;0;1;70
202200001264;3;D437;-1;C;2;2;0;2;9;770;3;; -1;1;0;1;80
202200001265;3;49;-1;;2;2;0;4;19;385;4;; -1;1;0;3;70
202200001266;3;817;0;D;2;2;3;1;90;298;1;;4;1;0;1;70
202200001267;3;817;0;D;3;2;0;1;91;330;1;; -1;1;9;1;50
202200001268;3;1085;-1;;2;2;0;2;12;395;1;; -1;2;0;1;80
202200001269;3;526;-1;;2;2;0;1;50;134;1;; -1;9;8;1;80
202200001270;3;1;0;;2;2;0;2;8;626;1;;4;1;0;1;80
202200001271;3;936;0;;2;2;0;2;76;900;2;; -1;1;0;1;80
202200001272;3;53;0; -;2;2;0;1;25;0;1;; -1;1;0;3;80
202200001273;3;978;0;D;2;2;0;2;65;800;4;; -1;1;0;1;50
202200001274;3;26;-1;;2;2;0;1;14;408;3;; -1;1;0;1;80
202200001276;3;619;-1;;2;3;0;1;15;850;1;; -1;1;0;1;-1
202200001277;3;CABOURG (ROUTE DE);0;;2;4;0;2;53;92;3;; -1;1;0;1;50
202200001278;4;ANDRE ZENATTI (AVENUE);0;;2;0;0;1;0;0;1;; -1;1;0;1;50
202200001279;3;GAFFAREL (RUE);0;;1;1;0;1;(1);(1);1;; -1;1;5;1;50
202200001280;4;JOLIETTE (QUAI DE LA);0;;1;2;1;1;0;0;1;; -1;1;0;5;50
202200001281;7;JOLY (CORNICHE ANDRE DE);0;;2;3;1;3;0;0;1;; -1;1;0;1;50
202200001282;4;STE MARGUERITE (AV.) A PARTIR DU 62-63);0;;2;2;0;2;0;0;3;; -1;1;0;1;50
202200001283;7;ANGLAIS (DU N° 114 AU N° 263);0;;3;3;0;1;0;0;1;; -1;1;0;1;50
202200001284;4;CASSIN (BD RENE);0;;1;2;0;1;0;0;1;; -1;1;0;1;50
202200001285;4;VALLOMBROSA (BOULEBARD);0;;2;3;0;2;0;0;1;; -1;1;1;1;30
202200001286;4;BOULEVARD PERIPHERIQUE INTERIEUR SUD;0;;1;4;0;1;(1);(1);1;; -1;1;0;1;70
202200001287;4;PLACE AUGUSTE BARON;0;;1;2;0;1;(1);(1);1;; -1;1;0;1;50
202200001288;4;BOULEVARD DE CLICHY;0;;1;2;0;1;(1);(1);1;; -1;1;0;1;30
202200001289;4;AVENUE PIERRE MENDES FRANCE;0;;2;4;3;1;(1);(1);1;; -1;1;-1;6;30
202200001290;4;AVENUE DES TERROIRS DE FRANCE;0;;-1;4;0;1;(1);(1);1;; -1;1;0;1;30
202200001291;4;RUE GRENETA;0;;1;1;2;1;(1);(1);3;; -1;1;0;1;30
202200001292;4;QUAI DE GESVRES;0;;1;3;3;1;(1);(1);1;; -1;1;0;1;30
202200001293;4;NAVARRE (AVENUE DE);0;;2;2;0;1;0;0;1;; -1;1;0;1;50
202200001294;3;AULNAY (RUE D');0;;2;2;0;1;0;1;1;; -1;1;0;1;50
202200001295;4;BLES;0;;1;1;2;1;0;0;1;; -1;1;0;1;50
202200001296;4;ROSNY (RUE DE);0;;2;2;0;1;0;0;1;; -1;1;0;1;50
202200001297;4;BOIS D'AMOUR (RUE DU);0;;2;2;0;1;1;0;1;; -1;1;0;1;50
202200001299;3;920;0;;2;0;0;1;0;0;1;; -1;1;0;1;50
202200001301;3;67;-1;;2;2;0;2;33;450;4;; -1;1;0;1;80
202200001302;3;38;0;;2;2;0;3;12;0;1;; -1;9;0;1;80
202200001303;3;938;-1;T;2;2;0;1;17;994;1;; -1;1;5;1;80
202200001304;3;44;0;D;2;2;0;1;15;450;4;;4,5;1;0;1;50
202200001305;3;D983;-1;;2;2;0;1;12;500;2;; -1;1;0;3;80
202200001307;3;3;-1;;2;2;0;2;8;800;1;; -1;1;0;1;50
202200001308;3;237;-1;R;2;2;0;1;(1);(1);2;; -1;1;0;3;80
202200001309;3;976;0;D;2;2;0;2;7;500;1;; -1;1;0;1;80
202200001310;7;114;0;U;2;2;0;1;19;850;1;; -1;1;0;1;90
202200001312;3;781;0;D;1;1;0;1;43;800;1;; -1;1;5;1;30
202200001313;3;925;0;D;2;1;0;1;19;163;1;;7,4;1;0;1;80
202200001314;2;10;0;;2;2;0;1;142;300;1;;7;1;0;1;-1
202200001315;3;988;0;;2;2;0;1;74;53;1;; -1;1;0;1;50
202200001316;3;82;-1;;2;2;0;1;4;675;1;; -1;1;0;1;50
202200001321;3;341;-1;;3;2;0;1;2;900;1;; -1;1;0;8;80
202200001322;3;906;0;D;2;2;0;1;32;335;3;; -1;1;0;8;50
202200001324;3;124;0;;2;2;0;1;1;873;3;; -1;1;0;3;80
202200001325;3;249;-1;;2;2;0;1;(1);(1);1;; -1;1;0;1;80
202200001326;3;41;-1;;2;2;0;1;8;785;2;; -1;1;0;1;80
202200001327;3;102;0;;2;2;0;2;60;720;2;; -1;1;2;8;80
202200001329;3;907;-1;;2;2;0;1;50;280;1;; -1;1;0;3;70
202200001330;3;17;-1;;2;2;0;2;45;430;2;; -1;1;0;3;80
202200001331;4;VC;-1;;1;1;0;1;(1);(1);1;; -1;1;6;4;30
202200001332;4;833;0;;3;2;0;1;(1);(1);1;; -1;1;0;8;80
202200001333;1;64;0;A;3;4;0;1;225;621;1;; -1;1;0;1;130
202200001335;1;89;-1;;3;4;0;1;486;600;1;; -1;1;0;1;130
202200001337;3;6285;-1;D;1;2;0;1;2;263;2;; -1;1;2;1;50
202200001338;1;11;-1;A;3;4;0;1;342;410;1;; -1;1;0;1;110
202200001339;3;31;-1;D;3;2;0;1;(1);(1);2;; -1;1;9;3;-1
202200001340;3;18;-1;;2;2;0;2;(1);(1);2;; -1;1;0;1;80
202200001341;2;113;-1;;2;2;0;1;0;696;1;; -1;1;0;1;70
202200001342;3;98;-1;A;2;2;1;1;0;500;3;; -1;1;5;3;70
202200001343;3;10;-1;;2;2;0;2;55;500;1;; -1;1;0;1;90
202200001344;3;905;0;;2;2;0;1;107;0;1;; -1;1;0;3;90
202200001345;3;13.1;2;;2;2;0;2;2;550;2;; -1;1;0;8;80
202200001346;3;3;0;D;2;2;0;2;24;(1);2;; -1;1;0;3;70
202200001347;3;926;0;D;2;2;0;1;20;200;3;; -1;1;8;1;-1
202200001348;3;24;-1;D;2;2;0;2;3;0;1;; -1;1;0;1;70
202200001349;3;389;-1;;2;2;0;1;14;200;1;; -1;1;0;1;80
202200001350;3;75;-1;;2;2;0;1;0;670;1;; -1;1;0;1;80
202200001351;3;1001;0;D;2;0;0;4;28;260;1;;0;1;0;3;80
202200001353;3;D1001;-1;;1;2;0;1;30;270;2;; -1;1;0;1;80
202200001355;2;A7   22.950 A 25.770;0;;3;2;0;1;1;810;1;; -1;1;0;1;110
202200001356;1;AUTOROUTE A 10;0;;3;6;0;1;540;500;1;; -1;1;0;1;110
202200001357;1;AUTOROUTE A 10;0;;3;6;0;3;534;0;1;; -1;1;2;1;130
202200001358;1;AUTOROUTE A 10;0;;3;6;0;1;541;599;1;; -1;1;0;1;110
202200001359;1;AUTOROUTE A 10;0;;3;6;0;1;531;0;1;; -1;1;0;2;110
202200001360;1;AUTOROUTE A5A;0;;3;0;0;1;8;0;2;; -1;1;0;3;90
202200001361;1;A13;0;;1;3;0;1;44;750;1;; -1;1;0;1;90
202200001362;1;A4;0;;3;5;0;1;9;0;1;; -1;1;1;1;90
202200001363;1;A86 INT;0;;1;2;0;1;31;899;1;; -1;1;1;1;90
202200001364;2;N186;0;;3;6;0;1;48;799;1;; -1;1;0;1;90
202200001365;3;JAURES ( RUE JEAN );0;;1;1;0;1;4;176;1;; -1;1;0;1;50
202200001367;1;ROUTE PROVINCIALE ROUTE DU SUD;0;;3;4;0;1;5;169;1;; -1;1;0;1;70
202200001368;4;AMIRAL LACAZE(RUE);0;;1;1;0;2;0;0;2;; -1;1;0;1;50
202200001369;5;PRESBYTERE (RUE DU);0;;-1;0;3;2;0;0;1;; -1;1;0;1;30
202200001370;3;FELIX EBOUE(ROCADE);0;;2;2;0;1;1;900;1;; -1;1;0;1;50
202200001371;2;ROUTE NATIONALE 6;0;;-1;2;0;1;1;500;1;; -1;2;0;1;90
202200001372;4;BELLECOUR                           (PL);0;;1;2;3;1;(1);(1);1;; -1;1;0;1;30
202200001373;4;ST ANTOINE                          (QU);0;;1;1;3;1;(1);(1);1;; -1;1;0;1;30
202200001374;4;ROSA PARKS                        (AV);0;;2;2;0;1;(1);(1);1;; -1;1;6;4;1
202200001375;4;VALERY (AVEUE PAUL);0;;2;2;0;1;(1);(1);1;; -1;1;0;1;50
202200001376;3;RUE EUGENE DELACROIX;0;;2;2;0;1;0;100;1;; -1;1;0;1;50
202200001377;4;RUE VAN GOGH;0;;-1;2;0;3;(1);(1);1;; -1;1;0;1;50
202200001378;4;route de Raon aux Bois;0;;2;2;0;2;(1);(1);1;; -1;1;0;1;50
202200001379;3;ROUTE DE MALPASSET;0;;2;2;0;1;9;30;2;; -1;1;5;1;70
202200001380;2;N28;0;;3;6;0;1;1;800;1;; -1;1;0;1;70
202200001381;3;SALEVE (ROUTE DU);0;;2;2;0;1;0;800;1;; -1;1;0;1;80
202200001382;4;JURA (RUE DU);0;;2;3;0;1;0;1;1;; -1;1;5;1;30
202200001383;4;DE LATTRE DE TASSIGNY (BLD DU MARECHAL);0;;2;2;0;1;(1);(1);1;; -1;1;0;1;50
202200001384;3;MULHOUSE ( RUE)CITE BOURGLIBRE JUSQUE RU;0;;3;2;1;1;3;0;1;; -1;1;0;1;50
202200001385;4;IRACHABAL (CHEMIN);0;;2;2;0;1;2;500;3;; -1;1;0;1;50
202200001386;4;ST EXUPERY (AVENUE);0;;2;2;2;1;(1);(1);1;; -1;1;0;1;50
202200001387;3;COMMERCE - RUE DU -;0;;2;2;0;1;15;804;1;; -1;1;0;1;50
202200001388;7;ESPLANADE FACADE;0;;3;4;0;1;(1);(1);1;; -1;1;0;8;50
202200001389;7;DE GIRARD RUE PHILIPPE;0;;2;2;0;1;(1);(1);1;; -1;1;0;1;50
202200001390;3;RD1643;0;;3;2;0;1;37;0;3;; -1;1;9;8;80
202200001391;3;RD 958 COTES SAINT-PIERRE;0;;2;0;0;2;5;600;4;; -1;1;0;1;70
202200001392;4;APPERT (RUE NICOLAS);0;;1;1;0;1;(1);(1);1;; -1;1;0;4;50
202200001393;4;REPUBLIQUE (PLACE DE LA);0;;2;4;0;1;(1);(1);1;; -1;1;0;1;50
202200001394;4;SAINT ETIENNE;0;;-1;1;3;1;1;0;1;; -1;1;6;8;20
202200001395;4;STRASBOURG BOULEVARD;0;;2;2;0;1;1;0;1;; -1;1;0;1;30
202200001396;4;BOREAU;0;;2;2;0;1;1;0;1;; -1;1;0;1;30
202200001397;3;MOULIN MARCILLE CHEMIN;0;;3;3;0;1;1;855;1;; -1;1;0;1;50
202200001398;4;BOULEVARD SAINT AIGNAN;0;;3;2;0;1;(1);(1);1;; -1;1;0;1;50
202200001399;7;RD 29;0;;2;3;0;1;13;130;2;; -1;1;0;1;50
202200001400;4;AVE DE LABARDE;0;;2;2;0;1;(1);(1);1;; -1;1;5;1;50
202200001401;4;A631;0;;3;6;0;1;(1);(1);1;; -1;1;0;1;70
202200001402;4;BD MARECHAL LECLERC;0;;2;5;3;3;(1);(1);1;; -1;1;5;1;50
202200001403;2;RN 165;0;;3;4;0;1;45;533;1;; -1;1;0;1;110
202200001405;3;ROSE AVENUE DU FIEF;0;;2;2;0;1;1;560;1;; -1;1;2;1;50
202200001406;4;JOUVEN (RUE);0;;1;1;0;1;0;0;1;; -1;1;0;8;50
202200001407;4;OLIVES (AVENUE DES);0;;2;4;0;1;0;0;1;; -1;1;0;1;50
202200001408;4;CAPELETTE (AVENUE DE LA);0;;-1;2;0;1;0;0;1;; -1;1;0;1;50
202200001409;3;RTE DE CRAU;0;;2;2;0;1;(1);(1);1;; -1;1;0;1;80
202200001410;3;RTE DE CRAU;0;;3;2;0;1;(1);(1);1;; -1;1;0;1;30
202200001411;2;PROVENCE (AVENUE DE);0;;2;2;0;1;42;400;1;; -1;1;5;1;70
202200001412;4;DORMOY ( PLACE JEAN );0;;1;2;0;1;0;0;3;; -1;1;0;1;50
202200001413;4;AVENUE DU PRESIDENT KENNEDY;0;;2;4;0;1;(1);(1);1;; -1;1;0;1;50
202200001414;4;RUE DE REMUSAT;0;;1;1;0;1;(1);(1);1;; -1;1;0;1;30
202200001415;4;BOULEVARD DE VAUGIRARD;0;;1;1;1;1;(1);(1);1;; -1;1;0;1;30
202200001416;4;BOULEVARD DE CLICHY;0;;1;0;3;1;(1);(1);1;; -1;1;0;1;30
202200001417;4;AVENUE DES CHAMPS ELYSEES;0;;2;8;1;1;(1);(1);1;; -1;1;0;4;50
202200001418;4;PLACE DE LA CONCORDE;0;;2;6;3;1;(1);(1);1;; -1;1;-1;6;30
202200001419;4;AVENUE BOSQUET;0;;2;5;3;1;(1);(1);1;; -1;1;0;1;30
202200001420;2;GRANGE (RTE DE LA);0;;3;4;0;1;19;425;1;; -1;1;0;1;70
202200001421;4;BERGER (RUE GILBERT);0;;2;2;0;1;(1);(1);1;; -1;1;0;1;50
202200001422;4;CHARLES PRANARD;0;;2;2;0;1;0;0;1;; -1;1;0;6;30
202200001423;3;PAUL ET CAMILLE THOMOUX (RUE) COTE PAIR;0;;2;3;0;1;1;1;1;; -1;1;0;1;50
202200001424;4;RAOUL (RUE);0;;1;1;0;1;0;0;1;; -1;1;0;1;30
202200001425;3;GUESDES (RUE JULES);0;;2;3;3;1;0;1;1;; -1;1;0;1;50
202200001429;3;13;0;;2;9;0;1;0;0;1;; -1;1;2;1;30
202200001430;3;128;0;;2;2;2;1;1;0;1;; -1;1;0;1;50
202200001432;3;727;0;;2;2;0;2;27;100;1;; -1;1;0;1;80
202200001433;3;52;-1;;2;2;0;2;1;50;3;; -1;1;0;1;80
202200001434;3;98;0;;2;2;0;1;26;850;1;; -1;1;0;1;70
202200001435;3;171;-1;;2;2;0;1;5;780;1;; -1;1;0;1;30
202200001436;3;1206;0;D;2;2;0;1;4;200;1;; -1;1;0;6;50
202200001438;4;4;0;;2;2;0;2;(1);(1);2;; -1;1;0;8;80
202200001439;3;629;-1;;2;2;0;2;2;120;1;;4;1;5;1;50
202200001441;3;38;-1;;2;2;0;2;16;100;1;; -1;1;0;1;80
202200001442;3;155;-1;;2;2;0;1;2;760;1;; -1;1;0;3;80
202200001443;3;436;-1;;2;2;0;1;5;880;1;; -1;1;0;1;90
202200001446;3;15;0;;2;2;0;1;30;570;1;; -1;1;0;1;70
202200001447;3;9;0;D;3;2;0;1;12;615;1;; -1;1;0;1;90
202200001448;3;116;0;D;2;2;0;1;4;300;1;; -1;1;0;3;80
202200001449;2;4;-1;;3;4;0;2;2;544;1;; -1;1;0;1;110
202200001450;3;3;0;D;2;2;0;2;20;58;1;; -1;8;0;1;50
202200001451;3;23;0;D;2;2;0;1;2;431;1;; -1;1;0;8;80
202200001452;3;933;-1;;2;2;0;2;41;718;3;; -1;1;0;1;80
202200001453;3;422;-1;;2;2;0;1;3;452;1;; -1;1;0;1;80
202200001454;3;731;0;;2;2;0;1;34;0;2;;7;1;0;3;50
202200001455;3;101;0;;2;2;0;2;0;730;2;;5,5;1;0;3;80
202200001456;3;14;2;;2;2;0;1;15;60;1;; -1;9;8;1;50
202200001457;3;209;0; -;2;2;0;1;8;435;1;; -1;1;0;3;90
202200001458;3;1;0;A;2;2;0;1;(1);(1);1;;5;1;0;3;50
202200001459;3;1;0;A;2;2;0;1;(1);(1);2;;5;1;0;3;80
202200001460;3;242;0;D;2;2;0;2;0;600;3;; -1;6;0;1;80
202200001461;3;988;0;;2;2;0;2;(1);(1);1;; -1;1;0;1;50
202200001462;3;603;0;;3;2;0;4;23;500;1;; -1;1;0;1;80
202200001463;3;321;0;;2;2;0;2;1;100;1;; -1;1;0;1;80
202200001464;1;35;0;;3;4;0;1;77;200;1;; -1;1;2;8;130
202200001465;3;60;-1;B;2;2;0;2;3;90;4;; -1;1;0;1;80
202200001466;3;935;0;D;2;2;0;1;52;990;1;; -1;1;0;1;90
202200001467;1;35;0;;3;4;0;1;79;250;1;; -1;1;2;3;130
202200001468;3;145;0;;2;2;0;1;89;48;1;; -1;1;0;1;80
202200001469;3;793;0;D;2;2;0;1;7;600;1;; -1;1;0;8;80
202200001470;3;213;-1;D;4;3;1;2;21;430;1;; -1;1;2;1;70
202200001471;3;57;-1;;2;2;0;1;18;965;1;; -1;1;0;1;80
202200001472;1;A51-Sens Aix en Provence vers Marseille;0;;-1;2;0;1;0;500;1;; -1;1;0;1;90
202200001473;1;26;0;;3;4;0;1;387;750;1;; -1;1;0;3;130
202200001474;1;A50-Sens Aubagne vers Marseille;0;;1;3;0;1;6;500;1;; -1;1;0;1;90
202200001475;1;ROCADE A 630;0;;3;4;0;1;10;950;1;; -1;1;2;1;70
202200001476;3;26;0;;-1;2;0;1;0;400;1;; -1;1;0;1;-1
202200001477;2;RN 118;0;;3;4;0;1;14;800;1;; -1;1;0;1;90
202200001478;1;86;0;;1;2;0;2;80;0;2;; -1;2;1;1;70
202200001479;1;AUTOROUTE A103;0;;3;6;0;1;0;899;1;; -1;1;0;1;90
202200001480;2;12;-1;;3;4;0;1;68;885;1;; -1;1;0;1;110
202200001481;1;AUTOROUTE A3;0;;3;9;0;1;0;600;3;; -1;1;0;1;90
202200001482;1;A86.INT;0;;-1;3;0;1;30;299;1;; -1;1;0;1;90
202200001483;5;POUDRIERE (RUE DE LA);0;;1;1;0;1;0;0;1;; -1;1;0;1;20
202200001484;2;RN1 (ROUTE NATIONALE);0;;1;4;0;2;83;0;1;; -1;1;0;1;110
202200001485;1;40;0;;3;3;0;1;148;593;1;; -1;1;0;1;130
202200001486;4;JAURES (BOULEVARD JEAN);0;;2;6;0;1;0;0;1;; -1;1;0;1;50
202200001487;1;62;0;;3;4;0;1;118;595;1;; -1;1;8;1;90
202200001488;4;BOUVET;0;;2;2;0;1;0;0;1;; -1;1;0;1;50
202200001489;3;1091;0;D;2;2;0;2;39;466;3;; -1;1;0;1;80
202200001490;4;MASCAREIGNES(BOULEVARD);0;;-1;1;1;1;0;0;3;; -1;1;6;1;50
202200001491;3;MANDELA  (BOULEVARD);0;;1;2;0;1;0;400;1;; -1;2;8;1;50
202200001492;2;01;0;;2;2;0;4;59;0;4;; -1;1;0;1;60
202200001493;4;DEBOURG                             (AV);0;;2;2;2;1;(1);(1);1;; -1;1;0;1;30
202200001494;4;JEAN MERMOZ                         (AV);0;;2;2;2;1;(1);(1);1;; -1;1;0;5;50
202200001495;4;LECLERC                             (AV);0;;2;2;3;1;(1);(1);1;; -1;1;0;6;50
202200001496;4;DOMER                               (R );0;;1;1;2;1;(1);(1);1;; -1;1;0;1;30
202200001497;4;DUMAS DE LOIRE                      (PL);0;;1;1;0;1;(1);(1);1;; -1;1;0;1;30
202200001498;3;SARTENE ANCIENNE ROUTE;0;;-1;2;0;2;0;200;1;; -1;1;0;1;50
202200001499;4;AV GAMBETTA;0;;1;1;0;1;0;100;1;; -1;1;0;1;50
202200001500;4;AV DES FROIDES BOUILLIES;0;;-1;2;0;1;0;0;1;; -1;1;0;1;50
202200001501;3;LIMOGES (AVENUE DE);0;;2;2;0;1;5;10;1;; -1;1;0;1;50
202200001502;4;BLOSSAC (COURS PAUL ESPRIT DE);0;;1;1;0;1;(1);(1);1;; -1;1;0;1;30
202200001503;3;GORGES (ROUTE DES);0;;2;2;0;2;20;(1);2;; -1;1;0;3;70
202200001504;4;PERRICHI (RUE EDOUARD);0;;2;2;0;2;0;0;1;; -1;1;0;1;50
202200001505;4;UNIVERSITE (AVE DE L');0;;2;3;0;1;0;0;1;; -1;1;0;1;50
202200001506;6;MARIVAUX (RUE);0;;2;1;0;1;(1);(1);1;; -1;1;0;8;30
202200001507;2;RN 184;0;;1;4;0;1;16;585;1;; -1;1;0;1;80
202200001508;4;RUE ORGIAZZI;0;;2;2;0;1;12;0;1;; -1;1;0;3;50
202200001509;3;ROND POINT D402 RUE DE LA BUTTE;0;;2;2;0;1;49;228;3;; -1;1;0;3;70
202200001510;4;MARTAINVILLE. RUE;0;;1;1;0;1;0;0;3;; -1;1;-1;1;30
202200001511;4;EUROPE. BOULEVARD DE L';0;;2;5;0;1;0;0;1;; -1;1;0;1;50
202200001512;7;VOIS COMMUNALE DE LA LONDE A ELBEUF;0;;2;2;0;2;8;900;3;; -1;1;0;3;80
202200001513;2;SALLE DE SPORTS;0;;1;3;0;1;14;50;1;; -1;1;0;1;110
202200001514;4;COMMANDANT ABADIE;0;;2;2;0;1;(1);(1);1;; -1;1;0;1;50
202200001515;4;LAMANDE (QUAI);0;;2;4;1;1;0;0;1;; -1;1;0;1;30
202200001516;4;HOPITAL (ROUTE DE L );0;;2;4;2;1;(1);(1);1;; -1;1;0;5;50
202200001517;4;SCHUTZENBERGER (AVENUE);0;;3;5;3;1;(1);(1);1;; -1;1;4;6;50
202200001518;4;HELIANTHE );0;;2;1;3;1;0;0;2;; -1;1;0;1;30
202200001520;3;QUAKENBRUCK (AVENUE DE );0;;2;2;1;1;2;84;1;; -1;1;0;1;50
202200001521;4;AUSTERLITZ (RUE);0;;2;2;0;1;(1);(1);1;; -1;1;0;1;50
202200001522;4;FAIDHERBE (RUE);0;;2;2;0;1;(1);(1);1;; -1;1;0;1;30
202200001523;3;HAUTMONT (RUE D');0;;3;2;0;2;(1);(1);2;; -1;1;0;1;50
202200001524;7;LEZENNES BOULEVARD DE;0;;2;4;3;1;(1);(1);1;; -1;1;0;1;50
202200001525;3;HOUCKE (AVENUE JULES);0;;2;2;0;1;(1);(1);1;; -1;1;3;1;50
202200001526;4;BATAILLE (QUAI DE LA);0;;2;2;0;1;(1);(1);1;; -1;1;0;1;50
202200001527;4;NEUFCHATEL (RUE DE) DU N° 1 A 121 (IMPAI;0;;1;1;0;1;(1);(1);1;; -1;1;0;1;50
202200001528;4;ETTLINGEN (AVENUE D');0;;2;2;0;2;(1);(1);1;; -1;1;0;1;50
202200001529;3;ALFRED ANATOLE THEVENET (AVENUE);0;;3;2;0;1;44;200;1;; -1;1;9;1;50
202200001530;3;NATIONALE (ANCIENNE ROUTE);0;;3;3;0;1;4;0;1;; -1;1;9;1;50
202200001531;3;VENDEENS (AV DES);0;;-1;2;0;1;1;16;4;; -1;1;5;1;50
202200001532;4;LECLERC (RUE DU GENERAL);0;;2;2;0;1;(1);(1);1;; -1;1;0;1;30
202200001533;3;JOLIOT CURIE (RUE);0;;3;2;0;1;0;275;1;; -1;1;0;1;50
202200001534;4;GAULLE BOULEVARD CHARLES DE;0;;1;2;0;3;1;0;2;; -1;1;0;1;30
202200001535;4;MAURIAC SQUARE;0;;2;2;0;1;1;0;1;; -1;2;0;1;30
202200001536;4;AYRAULT;0;;2;2;0;1;1;0;1;; -1;1;0;1;30
202200001537;4;MENDES FRANCE PLACE;0;;2;6;3;1;1;0;1;; -1;1;0;1;30
202200001538;4;MOULIN BOULEVARD;0;;2;4;2;1;1;0;1;; -1;1;0;3;30
202200001539;3;Avenue de Bigorre;0;;2;2;0;1;2;150;1;; -1;1;0;1;50
202200001540;4;VERDUN (AVENUE DE);0;;2;2;0;1;(1);(1);1;; -1;1;0;1;50
202200001541;4;FAUBOURG MADELEINE (RUE DU );0;;1;1;3;1;(1);(1);1;; -1;1;0;1;50
202200001542;4;GRIFFONNERIE (RUE DE LA);0;;2;2;0;1;(1);(1);1;; -1;1;0;1;50
202200001543;3;NIVELLE (RUE DE LA);0;;2;2;0;1;2;170;1;; -1;1;0;1;50
202200001544;4;FAURIEL (COURS);0;;1;2;0;1;(1);(1);1;; -1;1;9;1;50
202200001545;4;VIADUC(RUE DU);0;;-1;1;0;1;(1);(1);1;; -1;1;0;1;50
202200001546;4;RUE DES ALLIÉS;0;;2;2;0;1;(1);(1);1;; -1;1;0;1;50
202200001547;4;CHATAIGNERAIE (AVE DE LA);0;;2;2;0;1;(1);(1);1;; -1;1;0;1;50
202200001548;4;Boulevard George V;0;;3;4;3;1;(1);(1);1;; -1;2;0;5;50
202200001549;4;AV D ATLANTA;0;;2;4;3;1;(1);(1);1;; -1;1;5;1;50
202200001550;4;RIEUX (AV JEAN) DU 1AU 41;0;;2;2;0;4;(1);(1);1;; -1;1;0;1;50
202200001551;3;LANDORTHE (ROUTE);0;;2;2;0;1;23;286;1;; -1;1;0;4;50
202200001552;2;RN 154;0;;2;2;0;1;80;850;1;; -1;1;8;1;80
202200001553;4;PAUL VINOT(RUE);0;;-1;2;0;1;(1);(1);1;; -1;1;0;1;50
202200001554;4;MONTRAPON AVENUE DE;0;;2;3;0;1;(1);(1);1;; -1;1;0;1;50
202200001555;4;SCIENCES (DES);0;;2;2;0;1;(1);(1);1;; -1;1;0;1;50
202200001556;4;DE SAINT LOUIS AU ROVE (chemin);0;;2;2;0;1;1;0;1;; -1;1;0;1;50
202200001557;4;OCTROI (PLACE GARE DE L');0;;3;2;0;1;0;0;1;; -1;1;0;1;50
202200001558;4;ACIERIES (BOULEVARD DES);0;;2;2;0;1;0;0;2;; -1;2;0;1;50
202200001559;4;DUNKERQUE  (BOULEVARD DE);0;;2;1;3;1;0;0;1;; -1;1;-1;6;50
202200001560;7;MIREILLE (AVENUE);0;;2;2;0;1;(1);(1);1;; -1;1;0;1;50
202200001562;4;CHANZY (BOULEVARD);0;;2;2;0;1;0;0;1;; -1;2;0;1;50
202200001563;4;THIERS (AV.);0;;1;1;0;1;(1);(1);1;; -1;1;0;1;50
202200001564;3;VICTOR HUGO  (BD);0;;2;2;0;2;11;825;1;; -1;1;9;8;50
202200001565;4;CHEMIN DE FER (RUE DU);0;;2;2;0;1;(1);(1);1;; -1;1;0;1;50
202200001566;4;QUAI D IVRY;0;;1;4;0;1;0;850;1;; -1;1;0;1;70
202200001567;4;BOULEVARD SERURIER;0;;2;4;0;2;(1);(1);1;; -1;1;0;1;30
202200001568;4;RUE STEPHENSON;0;;2;2;0;1;(1);(1);1;; -1;1;0;1;30
202200001569;4;AVENUE DE LA PORTE DE CLIGNANCOURT;0;;2;5;0;1;(1);(1);1;; -1;1;0;1;30
202200001570;4;BOULEVARD DU FORT DE VAUX;0;;1;1;0;1;(1);(1);1;; -1;1;0;1;30
202200001571;4;RUE DE VAUGIRARD;0;;2;4;1;1;(1);(1);1;; -1;1;-1;5;30
202200001572;4;BOULEVARD PERIPHERIQUE;0;;1;3;0;1;9;200;1;; -1;1;0;1;70
202200001573;4;BOULEVARD VINCENT AURIOL;0;;3;3;0;2;(1);(1);1;; -1;1;0;1;30
202200001574;4;QUAI DE VALMY;0;;1;2;0;1;(1);(1);1;; -1;1;0;1;30
202200001575;4;BOULEVARD DE CHARONNE;0;;3;2;0;1;(1);(1);1;; -1;1;0;1;30
202200001576;4;BOULEVARD BEAUMARCHAIS;0;;1;2;3;1;(1);(1);1;; -1;1;0;1;30
202200001577;4;RUE PIERRE CHARRON;0;;2;2;0;1;(1);(1);1;; -1;1;0;1;30
202200001578;4;LAFAYETTE (R);0;;-1;1;0;1;0;0;1;; -1;1;0;1;30
202200001579;3;JEAN JAURES (R);0;;2;2;0;1;0;1;1;; -1;1;0;1;50
202200001580;4;RUE ROYALE;0;;2;5;0;1;(1);(1);1;; -1;1;0;1;30
202200001581;3;PARIS (R DE);0;;2;2;2;1;0;1;1;; -1;1;0;1;30
202200001582;4;EDOUARD-VAILLANT(RUE);0;;1;1;0;1;0;0;1;; -1;1;0;1;50
202200001583;4;RUE MORNAY;0;;1;1;0;1;(1);(1);1;; -1;1;0;1;30
202200001584;3;EDOUARD VAILLANT DU 2/38.;0;;2;2;0;1;0;1;1;; -1;1;0;1;50
202200001585;6;AMBROISE PARE (RUE);0;;-1; -1;0;1;0;0;1;; -1;1;0;1;30
202200001586;4;RUE CHAPON;0;;2;2;1;1;(1);(1);1;; -1;1;-1;5;30
202200001587;3;907;0;;2;2;0;1;0;0;1;; -1;1;0;1;50
202200001589;3;STALINGRAD (BD DE);0;;1;2;0;1;82;0;1;; -1;1;0;1;50
202200001591;3;907;0;;2;2;2;1;0;0;1;; -1;1;0;1;50
202200001592;3;2085;-1;;2;2;0;2;22;134;3;; -1;1;0;3;70
202200001593;3;84;0;D;2;2;0;4;56;400;2;; -1;1;0;3;80
202200001594;3;BAC (AV DU);0;;2;2;0;2;0;0;1;; -1;1;5;1;30
202200001595;3;180;0;D;2;2;0;1;5;825;2;; -1;1;0;1;50
202200001596;3;429;0;D;2;2;0;1;9;700;1;; -1;1;0;1;50
202200001598;3;3;-1;;2;2;0;1;2;262;1;; -1;1;2;1;80
202200001599;3;CONVENTION (AV DE LA);0;;2;2;0;1;0;0;1;; -1;1;0;1;50
202200001600;3;AV PAUL VAILLANT COUTURIER;0;;1;1;2;1;0;0;1;; -1;1;5;1;30
202200001601;3;430;-1;;2;2;0;1;2;500;1;; -1;1;0;3;80
202200001602;3;79;0;A;2;2;0;3;16;400;1;; -1;1;0;8;80
202200001603;4;BERRY (R DU);0;;-1;2;0;1;1;0;1;; -1;1;0;1;50
202200001604;3;176;-1;;2;2;0;1;3;690;2;; -1;1;0;1;80
202200001605;3;MAURICE THOREZ (AV);0;;2;2;0;1;0;1;1;; -1;1;0;1;50
202200001606;3;DE GAULLE (AV DU GENERAL) 58/49 - FIN;0;;1;2;0;1;1;0;2;; -1;1;0;1;40
202200001608;4;RESISTANCE (PLACE);0;;2;2;0;1;0;0;2;; -1;1;5;1;50
202200001610;3;RD11;0;;2;2;0;1;(1);(1);1;; -1;1;0;1;80
202200001611;3;WINSTON CHURCHILL AVENUE;0;;2;2;0;2;1;0;1;; -1;1;0;1;50
202200001612;2;57;-1;N;2;2;0;1;80;480;4;; -1;1;0;1;70
202200001613;3;SAINT LEU (ROUTE);0;;2;2;2;1;0;1;1;; -1;1;0;5;50
202200001614;3;209;-1;D;2;2;0;1;3;170;1;; -1;1;0;1;50
202200001615;4;QUATORZE-JUILLET (AV. DU);0;;2;2;0;1;1;0;1;; -1;1;0;1;50
202200001616;3;751;-1;;3;2;0;1;26;328;1;; -1;1;0;1;80
202200001617;3;DIVISION LECLERC (AVENUE DE LA) A20;0;;2;2;0;1;1;1;1;; -1;1;0;1;50
202200001618;4;151;-1;A;2;2;0;2;(1);(1);1;; -1;1;0;1;80
202200001619;4;MULIN RUE HIPPOLYTE;0;;2;1;0;1;0;1;1;; -1;1;0;1;50
202200001620;3;D765;-1;;2;2;0;2;17;724;1;; -1;1;0;1;80
202200001621;3;906;0;;2;2;1;1;0;0;1;; -1;1;0;5;50
202200001623;3;518;0;D;2;2;0;2;85;400;1;; -1;1;0;3;80
202200001625;4;VERRIER (AV);0;;2;1;0;1;0;0;1;; -1;1;0;1;30
202200001626;3;56;0;;2;2;0;1;8;736;1;; -1;1;0;1;70
202200001628;3;74;0;;2;2;0;2;0;0;1;; -1;1;0;1;50
202200001630;3;59;0;D;2;2;0;1;7;500;1;; -1;1;0;1;80
202200001631;3;11;-1;;2;2;0;1;68;750;1;;5,5;1;0;1;80
202200001633;3;98;0;D;2;2;0;1;29;164;1;; -1;1;0;3;80
202200001634;3;28;0;;2;2;0;1;29;0;1;; -1;1;0;3;80
202200001635;7;959;-1;;3;2;0;4;1;900;1;; -1;1;5;1;50
202200001636;1;A4;0;;1;4;0;2;36;532;1;; -1;1;0;5;130
202200001637;3;41;-1;D;2;2;0;1;1;890;1;; -1;1;0;1;90
202200001638;9;D23;0;;2;2;0;1;(1);(1);1;; -1;1;0;1;50
202200001639;2;157;0;N;3;4;0;1;28;600;1;; -1;1;0;3;110
202200001641;1;4;0;;3;3;0;2;361;300;1;; -1;1;0;1;130
202200001642;1;10;0;A;3;3;0;1;130;200;1;;10;1;0;1;130
202200001643;3;337;-1;;2;2;0;1;10;300;1;; -1;1;0;1;80
202200001644;3;14;0;;2;2;0;1;22;310;2;;5;1;0;1;80
