Num_Acc;id_vehicule;num_veh;senc;catv;obs;obsm;choc;manv;motor;occutc
202200000001;813 952;A01;1;2;0;2;1;9;1;
202200000001;813 953;B01;1;7;0;2;2;1;1;
202200000002;813 950;B01;2;7;0;2;8;15;1;
202200000002;813 951;A01;2;10;0;2;1;1;1;
202200000003;813 948;A01;2;7;0;2;1;2;1;
202200000003;813 949;B01;1;7;0;2;4;2;1;
202200000004;813 947;A01;2;7;0;1;3;16;1;
202200000005;813 945;B01;0;7;0;2;4;1;1;
202200000005;813 946;A01;0;7;0;2;1;2;1;
202200000006;813 944;B01;1;10;0;1;3;15;1;
202200000007;813 940;D01;0;7;0;2;1;0;1;
202200000007;813 941;A01;0;7;1;0;1;0;1;
202200000008;813 938;B01;2;10;0;2;6;16;1;
202200000008;813 939;A01;2;2;0;2;1;1;1;
202200000009;813 937;A01;2;7;0;1;1;1;1;
202200000010;813 936;A01;1;7;0;1;2;0;1;
202200000011;813 935;A01;1;7;8;0;7;0;1;
202200000012;813 933;B01;1;33;0;2;1;1;1;
202200000012;813 934;A01;1;10;0;0;6;10;1;
202200000013;813 932;A01;1;7;0;1;1;1;1;
202200000014;813 930;B01;3;7;0;2;1;21;1;
202200000014;813 931;A01;3;7;0;2;1;13;1;
202200000015;813 928;Z01;3;7;0;2;4;23;2;
202200000015;813 929;A01;3;7;7;2;1;2;1;
202200000016;813 926;A01;2;7;0;2;3;22;1;
202200000016;813 927;B01;2;1;0;2;1;1;5;
202200000017;813 924;A01;2;10;0;2;2;16;1;
202200000017;813 925;B01;2;1;0;2;0;1;5;
202200000018;813 923;Z01;2;10;0;1;4;1;3;
202200000019;813 921;B01;3;32;0;2;1;1;3;
202200000019;813 922;A01;3;14;0;2;7;10;1;
202200000020;813 919;B01;2;33;0;2;1;1;1;
202200000020;813 920;Z01;2;10;0;2;3;10;1;
202200000021;813 917;B01;3;14;0;2;3;1;6;
202200000021;813 918;A01;3;7;0;2;1;21;1;
202200000022;813 916;A01;1;7;1;0;7;1;2;
202200000023;813 915;A01;3;43;1;0;3;14;1;
202200000024;813 914;A01;1;7;0;1;1;15;1;
202200000025;813 913;A01;1;1;9;0;0;1;5;
202200000026;813 911;A01;1;30;0;2;1;1;1;
202200000026;813 912;B01;2;7;0;2;2;15;1;
202200000027;813 910;Z01;1;1;0;1;1;1;5;
202200000028;813 909;A01;2;7;0;1;7;1;3;
202200000029;813 908;A01;1;7;0;1;1;15;1;
202200000030;813 907;A01;2;7;4;0;1;26;1;
202200000031;813 906;A01;0;7;0;1;3;15;1;
202200000032;813 904;B01;3;7;0;2;4;24;1;
202200000032;813 905;A01;1;7;1;0;1;20;2;
202200000033;813 903;A01;1;7;0;1;4;4;1;
202200000034;813 901;A01;2;2;0;2;3;1;1;
202200000034;813 902;B01;2;60;0;2;3;19;5;
202200000035;813 900;A01;1;7;0;1;1;26;2;
202200000036;813 899;A01;3;10;4;0;3;1;1;
202200000037;813 898;A01;2;7;0;1;2;15;1;
202200000038;813 897;A01;3;10;0;1;3;1;1;
202200000039;813 895;A01;1;7;0;2;3;1;1;
202200000039;813 896;B01;2;7;0;2;1;15;1;
202200000040;813 894;A01;0;7;0;1;1;26;1;
202200000041;813 892;B01;3;13;0;1;1;0;1;
202200000041;813 893;A01;3;7;0;1;3;0;1;
202200000042;813 890;A01;0;10;0;2;3;1;1;
202200000042;813 891;B01;0;7;0;2;0;0;0;
202200000043;813 889;A01;1;10;9;1;2;1;1;
202200000044;813 887;B01;1;7;0;2;1;1;1;
202200000044;813 888;A01;2;7;8;2;5;15;1;
202200000045;813 885;B01;1;32;0;0;5;13;1;
202200000045;813 886;A01;1;7;0;2;3;1;1;
202200000046;813 883;B01;3;1;0;2;0;1;5;
202200000046;813 884;A01;3;7;0;2;2;1;1;
202200000047;813 881;A01;0;7;0;0;0;0;1;
202200000047;813 882;B01;0;43;0;2;0;0;1;
202200000048;813 878;B01;1;7;0;2;4;26;1;
202200000048;813 879;A01;1;7;0;2;1;1;1;
202200000048;813 880;C01;1;7;0;2;4;26;1;
202200000049;813 877;A01;0;7;14;0;9;1;1;
202200000050;813 876;A01;1;7;12;1;3;2;0;
202200000051;813 875;A01;3;60;0;0;0;26;5;
202200000052;813 874;A01;1;7;8;1;1;14;1;
202200000053;813 873;A01;1;7;0;1;3;1;1;
202200000054;813 871;A01;2;10;0;2;1;2;1;
202200000054;813 872;B01;2;10;0;2;4;1;1;
202200000055;813 870;A01;1;7;0;1;3;15;1;
202200000056;813 869;A01;0;30;0;0;0;1;1;
202200000057;813 867;B01;2;7;0;2;4;23;1;
202200000057;813 868;A01;2;7;0;2;1;1;1;
202200000058;813 865;A01;0;1;0;2;2;1;5;
202200000058;813 866;B01;0;7;0;2;5;23;2;
202200000059;813 863;A01;2;10;0;2;5;23;1;
202200000059;813 864;B01;2;50;0;2;1;19;3;
202200000060;813 861;A01;1;7;0;2;1;15;1;
202200000060;813 862;B01;2;1;0;2;7;1;5;
202200000061;813 860;A01;1;37;0;2;2;1;1;1.0
202200000062;813 858;A01;1;10;0;2;7;17;1;
202200000062;813 859;B01;1;1;0;2;0;1;5;
202200000063;813 856;B01;2;32;0;2;3;9;0;
202200000063;813 857;A01;1;3;0;2;3;15;0;
202200000064;813 854;A01;2;32;0;2;2;17;1;
202200000064;813 855;B01;2;7;0;0;6;20;1;
202200000065;813 853;A01;2;7;3;0;7;2;1;
202200000066;813 852;A01;2;32;0;0;9;1;1;
202200000067;813 851;A01;1;31;0;-1;0;0;0;
202200000068;813 850;A01;1;7;0;1;2;1;1;
202200000069;813 848;B01;2;99;0;2;2;1;1;
202200000069;813 849;A01;2;7;0;2;4;26;1;
202200000070;813 847;A01;1;14;0;1;7;1;1;
202200000071;813 846;A01;1;2;0;0;9;1;1;
202200000072;813 844;B01;1;7;0;2;1;1;1;
202200000072;813 845;A01;2;7;0;2;1;5;1;
202200000073;813 842;B01;2;14;0;2;3;1;1;
202200000073;813 843;A01;1;7;0;2;3;1;1;
202200000074;813 841;A01;1;7;15;0;9;0;1;
202200000075;813 839;A01;2;14;0;2;8;3;1;
202200000075;813 840;B01;1;7;0;2;8;1;1;
202200000076;813 837;B01;2;7;0;2;2;17;1;
202200000076;813 838;A01;2;33;0;2;3;15;1;
202200000077;813 835;A01;2;7;0;2;1;1;1;
202200000077;813 836;B01;1;7;0;2;3;16;1;
202200000078;813 834;A01;2;7;16;0;9;14;1;
202200000079;813 832;B01;1;7;0;2;1;1;1;
202200000079;813 833;A01;2;7;0;2;1;13;1;
202200000080;813 830;A01;1;7;0;2;3;1;1;
202200000080;813 831;B01;2;7;13;2;2;1;1;
202200000081;813 829;A01;2;7;0;1;2;1;1;
202200000082;813 827;A01;2;7;0;2;1;1;1;
202200000082;813 828;B01;1;17;0;2;1;1;1;
202200000083;813 825;A01;2;7;0;9;3;15;1;
202200000083;813 826;B01;1;80;0;2;1;1;3;
202200000084;813 824;A01;1;7;13;0;1;1;1;
202200000085;813 823;A01;1;7;0;0;0;21;1;
202200000086;813 822;A01;3;7;2;0;1;1;1;
202200000087;813 820;B01;1;7;0;2;3;9;1;
202200000087;813 821;A01;2;1;0;2;1;1;5;
202200000088;813 819;A01;3;7;2;0;2;1;1;
202200000089;813 818;A01;2;33;0;0;0;14;1;
202200000090;813 817;A01;2;7;13;0;1;1;1;
202200000091;813 815;B01;1;7;0;2;3;1;1;
202200000091;813 816;A01;2;7;0;2;3;13;1;
202200000092;813 811;A01;2;10;0;2;2;17;1;
202200000092;813 812;B01;2;1;0;2;6;1;5;
202200000093;813 809;B01;0;33;0;2;1;17;1;
202200000093;813 810;A01;0;7;0;9;3;13;1;
202200000094;813 808;A01;1;2;0;0;2;1;1;
202200000095;813 805;B01;3;7;0;2;1;9;1;
202200000095;813 806;A01;3;33;15;2;7;1;1;
202200000096;813 804;A01;1;7;2;0;2;14;1;
202200000097;813 801;C01;1;7;0;2;1;26;1;
202200000097;813 802;B01;2;7;0;2;9;26;1;
202200000097;813 803;A01;2;7;0;2;1;1;1;
202200000098;813 799;A01;1;7;0;2;1;1;1;
202200000098;813 800;B01;1;7;0;0;4;23;1;
202200000099;813 798;A01;1;7;0;1;3;1;1;
202200000100;813 796;B01;1;2;0;2;7;16;1;
202200000100;813 797;A01;2;33;8;2;8;1;1;
202200000101;813 795;A01;2;7;13;0;9;1;1;
202200000102;813 793;B01;1;7;0;2;1;0;1;
202200000102;813 794;A01;1;7;0;0;4;23;1;
202200000103;813 791;A01;1;7;0;2;3;13;2;
202200000103;813 792;B01;2;37;0;2;1;1;1;1.0
202200000104;813 789;A01;1;17;0;0;6;1;1;
202200000104;813 790;B01;1;10;0;2;2;17;1;
202200000105;813 788;A01;2;7;8;0;1;1;1;
202200000106;813 786;A01;1;7;1;0;1;1;1;
202200000106;813 787;B01;1;7;0;0;8;24;1;
202200000107;813 785;A01;1;7;13;0;2;13;1;
202200000108;813 783;A01;1;10;0;2;3;1;1;
202200000108;813 784;B01;1;2;0;0;4;2;1;
202200000109;813 781;B01;1;7;0;2;3;1;1;
202200000109;813 782;A01;2;7;0;2;3;17;1;
202200000110;813 780;A01;0;31;12;0;0;17;1;
202200000111;813 779;A01;2;33;4;0;7;1;1;
202200000112;813 777;A01;1;2;0;2;1;0;1;
202200000112;813 778;B01;2;7;13;2;1;5;1;
202200000113;813 776;A01;2;7;2;0;3;1;1;
202200000114;813 775;A01;1;33;14;0;1;16;1;
202200000115;813 773;B01;0;33;0;2;1;18;1;
202200000115;813 774;A01;0;7;0;2;2;15;1;
202200000116;813 771;A01;2;7;0;2;1;13;1;
202200000116;813 772;B01;1;2;0;2;1;1;1;
202200000117;813 770;A01;2;33;4;0;2;13;1;
202200000118;813 769;A01;1;10;0;1;2;21;1;
202200000119;813 767;B01;2;7;0;2;3;1;1;
202200000119;813 768;A01;1;7;0;2;2;14;1;
202200000120;813 765;A01;1;7;0;2;5;17;1;
202200000120;813 766;B01;1;1;0;2;3;1;5;
202200000121;813 764;A01;1;7;0;1;1;1;1;
202200000122;813 762;A01;1;36;0;2;2;2;1;
202200000122;813 763;B01;1;36;0;2;6;1;1;
202200000123;813 755;G01;2;7;0;2;0;0;1;
202200000123;813 756;A01;2;10;0;2;1;1;1;
202200000123;813 757;B01;2;14;0;2;2;1;1;
202200000123;813 758;C01;2;7;0;2;4;1;1;
202200000123;813 759;D01;2;17;0;2;1;1;1;
202200000123;813 760;E01;2;7;0;2;0;0;1;
202200000123;813 761;F01;2;7;0;2;0;0;1;
202200000124;813 752;A01;2;7;0;2;2;1;1;
202200000124;813 753;B01;2;33;0;2;7;1;1;
202200000124;813 754;Z01;2;7;0;2;8;11;1;
202200000125;813 750;A01;2;7;0;2;1;2;1;
202200000125;813 751;B01;2;33;0;2;4;23;1;
202200000126;813 746;D01;2;7;0;2;4;23;1;
202200000126;813 747;C01;2;7;0;2;4;23;1;
202200000126;813 748;B01;2;10;0;2;4;23;1;
202200000126;813 749;A01;2;10;0;2;1;2;1;
202200000127;813 745;A01;2;33;16;0;1;14;1;
202200000128;813 743;B01;1;33;0;2;4;2;1;
202200000128;813 744;A01;1;7;0;2;1;2;1;
202200000129;813 742;A01;2;7;4;0;1;1;1;
202200000130;813 738;D01;2;10;0;2;4;2;1;
202200000130;813 739;C01;2;10;0;2;8;2;1;
202200000130;813 740;A01;2;33;0;2;1;3;1;
202200000130;813 741;B01;2;7;0;2;5;2;1;
202200000131;813 735;C01;2;10;0;2;4;1;1;
202200000131;813 736;B01;2;7;0;2;4;1;1;
202200000131;813 737;A01;2;10;0;2;1;1;1;
202200000132;813 733;A01;2;7;0;2;3;9;1;
202200000132;813 734;B01;2;7;0;2;5;9;1;
202200000133;813 732;A01;1;7;4;0;1;1;1;
202200000134;813 731;A01;1;7;4;0;0;21;1;
202200000135;813 729;B01;1;7;0;9;1;1;1;
202200000135;813 730;A01;1;7;4;0;1;1;3;
202200000136;813 727;B01;2;7;0;2;4;2;1;
202200000136;813 728;A01;2;7;0;2;1;2;1;
202200000137;813 725;A01;2;7;0;2;6;11;1;
202200000137;813 726;B01;2;33;0;2;1;3;1;
202200000138;813 720;C01;2;7;0;2;1;1;2;
202200000138;813 721;A01;2;7;0;2;4;23;2;
202200000138;813 722;E01;2;7;0;2;7;1;1;
202200000138;813 723;D01;2;7;1;0;1;1;1;
202200000138;813 724;B01;2;10;1;0;1;2;1;
202200000139;813 719;A01;2;7;4;0;2;2;1;
202200000140;813 715;B01;2;7;0;2;3;1;1;
202200000140;813 716;A01;2;7;0;2;1;5;1;
202200000141;813 713;B01;2;7;0;2;8;1;1;
202200000141;813 714;A01;1;7;0;2;2;14;1;
202200000142;813 710;B01;1;7;0;2;8;1;1;
202200000142;813 711;A01;1;32;0;2;4;3;1;
202200000142;813 712;Z01;1;32;0;2;1;3;1;
202200000143;813 708;B01;2;7;0;2;4;2;2;
202200000143;813 709;A01;2;33;0;2;1;2;1;
202200000144;813 705;Z01;2;7;0;2;8;11;1;
202200000144;813 706;B01;2;7;0;2;5;1;1;
202200000144;813 707;A01;2;43;0;2;7;3;1;
202200000145;813 702;C01;1;10;0;2;4;2;1;
202200000145;813 703;B01;1;7;4;2;4;2;1;
202200000145;813 704;A01;1;7;0;2;1;2;1;
202200000146;813 700;A01;1;7;0;2;3;15;1;
202200000146;813 701;B01;1;80;0;2;1;1;3;
202200000147;813 698;A01;1;1;0;2;1;1;5;
202200000147;813 699;Z01;2;7;0;2;0;17;0;
202200000148;813 697;A01;1;10;0;1;1;1;1;
202200000149;813 696;A01;1;32;0;1;1;1;1;
202200000150;813 694;B01;1;10;0;0;0;1;1;
202200000150;813 695;A01;1;30;0;0;0;9;1;
202200000151;813 691;B01;3;7;0;2;4;23;2;
202200000151;813 692;C01;3;7;0;2;4;23;1;
202200000151;813 693;A01;3;7;0;2;1;2;1;
202200000152;813 690;A01;1;1;0;0;0;21;5;
202200000153;813 689;A01;1;7;0;1;1;15;2;
202200000154;813 688;A01;1;7;0;1;2;1;1;
202200000155;813 687;A01;2;50;0;1;2;25;3;
202200000156;813 685;A01;1;7;0;2;2;1;1;
202200000156;813 686;B01;1;7;0;2;3;9;1;
202200000157;813 684;A01;1;1;0;1;1;1;5;
202200000158;813 682;A01;1;7;0;2;4;4;1;
202200000158;813 683;B01;1;10;0;2;1;2;1;
202200000159;813 680;B01;2;31;0;2;1;18;1;
202200000159;813 681;A01;1;7;0;2;3;15;0;
202200000160;813 678;B01;3;7;0;2;1;1;1;
202200000160;813 679;A01;3;7;0;2;7;16;1;
202200000161;813 676;B01;1;7;0;2;3;1;1;
202200000161;813 677;A01;1;50;0;2;2;16;3;
202200000162;813 674;A01;2;10;0;2;1;1;1;
202200000162;813 675;B01;2;7;0;2;7;1;1;
202200000163;813 670;B01;2;3;0;2;1;1;0;
202200000163;813 671;A01;2;3;0;2;8;1;0;
202200000164;813 669;A01;3;1;0;0;0;1;5;
202200000165;813 667;B01;3;1;0;2;1;16;5;
202200000165;813 668;A01;3;7;0;2;3;15;1;
202200000166;813 665;A01;3;7;0;2;1;9;1;
202200000166;813 666;B01;3;1;0;2;7;1;5;
202200000167;813 663;A01;2;2;0;2;1;13;1;
202200000167;813 664;B01;1;7;0;2;1;1;1;
202200000168;813 662;Z01;2;7;0;1;0;0;-1;
202200000169;813 661;A01;1;30;4;0;8;13;1;
202200000170;813 660;A01;3;32;0;1;2;17;1;
202200000171;813 659;A01;1;7;1;0;1;1;1;
202200000172;813 657;A01;1;7;0;2;2;10;1;
202200000172;813 658;B01;1;32;0;2;3;1;1;
202200000173;813 655;B01;1;7;0;2;4;2;1;
202200000173;813 656;A01;1;10;0;2;1;2;1;
202200000174;813 653;B01;2;7;0;2;6;1;1;
202200000174;813 654;A01;2;15;0;2;2;12;1;
202200000175;813 651;A01;0;7;0;2;1;1;1;
202200000175;813 652;B01;0;7;0;2;3;1;1;
202200000176;813 649;A01;1;7;0;9;7;22;1;
202200000176;813 650;B01;1;1;1;0;2;14;5;
202200000177;813 647;A01;1;7;0;2;2;9;1;
202200000177;813 648;B01;1;33;0;2;1;1;1;
202200000178;813 645;A01;0;7;0;2;3;15;1;
202200000178;813 646;B01;3;30;0;2;3;15;1;
202200000179;813 643;B01;2;99;0;2;7;1;3;
202200000179;813 644;A01;1;7;0;2;2;16;1;
202200000180;813 641;B01;3;13;0;2;2;0;1;
202200000180;813 642;A01;3;7;0;2;6;9;2;
202200000181;813 639;B01;1;7;0;2;4;1;2;
202200000181;813 640;A01;1;33;0;2;1;2;1;
202200000182;813 638;A01;2;7;8;0;2;13;1;
202200000183;813 636;B01;2;10;0;2;4;1;1;
202200000183;813 637;A01;2;31;0;2;1;1;1;
202200000184;813 634;B01;1;7;0;2;1;1;1;
202200000184;813 635;A01;2;1;0;2;7;1;5;
202200000185;813 632;B01;3;7;0;2;1;1;1;
202200000185;813 633;A01;3;33;0;2;7;10;1;
202200000186;813 631;A01;0;10;0;1;1;15;1;
202200000187;813 629;B01;1;33;0;2;1;1;1;
202200000187;813 630;A01;1;50;0;2;8;15;3;
202200000188;813 628;A01;1;7;0;1;2;1;2;
202200000189;813 627;A01;2;30;0;1;1;1;3;
202200000190;813 626;A01;2;10;0;1;1;1;1;
202200000191;813 624;B01;2;30;0;2;7;1;1;
202200000191;813 625;A01;2;7;0;2;2;16;1;
202200000192;813 623;A01;2;7;0;1;1;5;1;
202200000193;813 621;B01;1;32;0;2;1;1;1;
202200000193;813 622;A01;2;7;0;2;3;15;1;
202200000194;813 618;A01;2;7;0;2;1;15;2;
202200000194;813 619;B01;1;43;0;2;1;2;1;
202200000194;813 620;C01;1;2;0;2;1;1;1;
202200000195;813 617;A01;1;7;0;1;0;0;1;
202200000196;813 615;A01;3;7;0;2;1;1;1;
202200000196;813 616;B01;2;2;0;2;1;1;1;
202200000197;813 613;B01;1;34;0;2;2;17;1;
202200000197;813 614;A01;2;7;0;2;1;21;1;
202200000198;813 611;B01;0;3;0;2;1;19;0;
202200000198;813 612;A01;0;32;0;2;8;1;1;
202200000199;813 609;A01;1;7;0;2;2;2;2;
202200000199;813 610;B01;1;7;0;2;6;24;1;
202200000200;813 607;B01;1;50;0;2;1;1;3;
202200000200;813 608;A01;1;7;0;2;3;1;1;
202200000201;813 605;B01;1;10;0;2;1;15;1;
202200000201;813 606;A01;1;30;0;2;1;15;1;
202200000202;813 603;B01;1;31;0;2;8;1;1;
202200000202;813 604;A01;1;7;0;2;3;15;1;
202200000203;813 602;A01;1;1;0;0;1;15;5;
202200000204;813 600;B01;2;80;0;2;8;1;3;
202200000204;813 601;A01;1;7;0;2;1;1;1;
202200000205;813 599;A01;1;7;0;1;1;16;1;
202200000206;813 598;A01;1;7;7;0;1;1;1;
202200000207;813 597;A01;0;7;6;0;1;1;1;
202200000208;813 596;A01;1;7;13;0;3;1;1;
202200000209;813 594;A01;1;7;0;2;1;1;1;
202200000209;813 595;B01;2;7;0;2;7;1;1;
202200000210;813 593;A01;2;33;13;0;1;1;1;
202200000211;813 591;A01;2;31;0;2;8;0;1;
202200000211;813 592;B01;1;7;0;0;7;0;0;
202200000212;813 590;A01;2;10;13;0;2;1;1;
202200000213;813 589;A01;1;7;16;0;2;14;1;
202200000214;813 588;A01;2;7;0;1;7;1;1;
202200000215;813 587;A01;2;33;12;0;7;23;1;
202200000216;813 585;A01;3;33;0;0;8;1;1;
202200000217;813 583;A01;3;7;0;9;1;1;1;
202200000217;813 584;B01;3;1;12;2;6;14;5;
202200000218;813 581;B01;1;7;0;0;0;13;0;
202200000218;813 582;A01;2;7;2;0;1;14;1;
202200000219;813 579;A01;2;7;0;2;2;15;1;
202200000219;813 580;B01;1;33;0;2;1;1;1;
202200000220;813 577;B01;1;7;0;2;7;1;1;
202200000220;813 578;A01;2;2;0;2;1;1;1;
202200000221;813 576;A01;2;7;2;0;3;16;1;
202200000222;813 575;A01;1;2;0;0;0;16;1;
202200000223;813 574;A01;1;7;0;1;2;1;2;
202200000224;813 572;A01;2;10;0;2;2;2;1;
202200000224;813 573;B01;2;7;1;2;5;2;1;
202200000225;813 571;A01;2;7;17;0;0;1;1;
202200000226;813 569;A01;1;7;0;9;2;2;1;
202200000226;813 570;B01;1;1;0;0;4;2;5;
202200000227;813 568;A01;2;7;6;0;3;13;1;
202200000228;813 565;A01;1;7;13;0;3;1;1;
202200000229;813 564;A01;2;2;8;0;0;0;1;
202200000230;813 562;B01;1;33;0;2;2;17;1;
202200000230;813 563;A01;1;7;0;2;3;15;1;
202200000231;813 560;A01;2;7;0;2;1;13;1;
202200000231;813 561;B01;1;15;0;2;3;21;1;
202200000232;813 559;A01;2;31;15;0;1;1;1;
202200000233;813 557;A01;1;7;6;2;3;1;1;
202200000233;813 558;B01;1;7;0;2;2;19;1;
202200000234;813 556;A01;2;33;3;0;2;1;1;
202200000235;813 555;A01;1;7;2;0;2;19;1;
202200000236;813 554;A01;1;33;4;0;1;1;1;
202200000237;813 553;A01;1;7;0;1;2;1;1;
202200000238;813 551;A01;1;10;0;2;3;19;1;
202200000238;813 552;B01;1;31;0;2;1;1;1;
202200000239;813 549;B01;1;15;0;2;1;1;1;
202200000239;813 550;A01;2;7;0;2;1;13;1;
202200000240;813 547;B01;2;7;0;0;4;2;1;
202200000240;813 548;A01;2;33;0;2;1;0;1;
202200000241;813 545;A01;1;7;0;0;8;1;1;
202200000241;813 546;B01;3;7;0;2;1;16;1;
202200000242;813 544;A01;2;7;8;0;3;17;1;
202200000243;813 542;A01;2;7;0;2;3;13;1;
202200000243;813 543;B01;1;7;0;2;8;1;1;
202200000244;813 540;A01;1;7;0;0;1;13;1;
202200000244;813 541;B01;2;7;0;0;3;1;1;
202200000245;813 538;A01;0;31;0;2;7;2;1;
202200000245;813 539;B01;0;7;0;2;3;2;1;
202200000246;813 536;A01;1;10;0;2;1;1;1;
202200000246;813 537;B01;3;7;9;2;6;1;1;
202200000247;813 535;A01;1;33;13;0;2;17;1;
202200000248;813 531;C01;2;7;0;0;6;23;2;
202200000248;813 532;D01;1;7;0;2;8;1;1;
202200000248;813 533;B01;2;33;0;0;6;23;1;
202200000248;813 534;A01;2;33;0;2;9;1;1;
202200000249;813 530;A01;1;7;13;0;1;1;1;
202200000250;813 529;A01;1;7;0;1;3;0;1;
202200000251;813 527;B01;2;80;0;2;7;1;3;
202200000251;813 528;A01;2;21;0;9;3;16;1;
202200000252;813 525;A01;2;7;0;2;2;1;1;
202200000252;813 526;B01;2;31;0;0;4;1;1;
202200000253;813 523;A01;1;7;0;2;2;2;1;
202200000253;813 524;B01;1;1;0;2;8;13;5;
202200000254;813 520;A01;0;7;0;2;1;1;1;
202200000254;813 521;B01;0;7;0;2;4;1;1;
202200000254;813 522;C01;0;7;0;0;4;1;1;
202200000255;813 518;A01;1;7;0;2;3;1;1;
202200000255;813 519;B01;2;7;0;2;2;1;1;
202200000256;813 517;A01;0;0;0;1;0;0;0;
202200000257;813 515;B01;2;50;0;2;0;1;3;
202200000257;813 516;A01;2;15;0;9;1;9;1;
202200000258;813 514;A01;2;33;0;0;0;1;1;
202200000259;813 511;C01;1;7;4;2;4;2;1;
202200000259;813 512;B01;1;7;4;2;5;2;1;
202200000259;813 513;A01;1;7;4;2;1;2;1;
202200000260;813 509;B01;2;7;4;2;6;24;1;
202200000260;813 510;A01;2;7;4;2;1;14;1;
202200000261;813 506;C01;1;7;0;2;4;0;1;
202200000261;813 507;B01;1;7;0;2;4;2;1;
202200000261;813 508;A01;1;10;0;2;1;2;1;
202200000262;813 504;A01;2;31;0;2;2;1;3;
202200000262;813 505;B01;2;7;0;2;6;1;1;
202200000263;813 502;B01;1;7;3;2;1;2;1;
202200000263;813 503;A01;1;7;0;2;4;0;1;
202200000264;813 500;A01;2;10;0;2;4;0;0;
202200000264;813 501;B01;2;33;0;2;1;0;1;
202200000265;813 498;A01;1;7;0;2;2;2;1;
202200000265;813 499;B01;1;33;0;2;3;12;1;
202200000266;813 496;A01;1;7;0;2;4;2;1;
202200000266;813 497;B01;1;7;0;2;1;0;1;
202200000267;813 495;A01;1;3;0;1;1;1;1;
202200000268;813 491;A01;1;7;0;2;1;13;1;
202200000268;813 492;B01;2;7;0;2;3;23;1;
202200000268;813 493;C01;2;7;0;2;2;23;1;
202200000269;813 489;B01;2;7;0;2;6;9;1;
202200000269;813 490;A01;1;7;0;2;3;1;1;
202200000270;813 488;A01;2;7;0;1;1;1;1;
202200000271;813 487;A01;1;7;0;1;1;1;1;
202200000272;813 485;B01;1;7;0;2;1;1;1;
202200000272;813 486;A01;2;7;0;2;2;15;1;
202200000273;813 483;A01;1;7;0;2;1;9;1;
202200000273;813 484;B01;1;7;0;2;2;1;2;
202200000274;813 481;A01;2;7;0;2;7;1;1;
202200000274;813 482;B01;2;7;0;2;2;1;1;
202200000275;813 478;B01;1;7;0;2;1;2;1;
202200000275;813 480;A01;1;7;0;2;4;2;1;
202200000276;813 477;B01;2;7;0;2;3;1;0;
202200000276;813 479;A01;1;32;0;2;1;5;1;
202200000277;813 474;B01;3;10;0;2;1;1;1;
202200000277;813 476;A01;3;34;0;2;1;13;1;
202200000278;813 473;A01;2;10;0;2;8;17;1;
202200000278;813 475;B01;2;33;0;2;7;17;1;
202200000279;813 470;B01;2;7;0;2;5;2;1;
202200000279;813 472;A01;2;7;0;2;6;2;1;
202200000280;813 469;A01;3;7;0;2;3;1;1;
202200000280;813 471;B01;3;3;0;2;3;0;1;
202200000281;813 466;A01;1;7;10;0;1;1;1;
202200000282;813 467;A01;2;7;0;2;1;1;1;
202200000282;813 468;B01;2;7;0;2;6;15;1;
202200000283;813 463;A01;3;7;0;1;2;15;1;
202200000284;813 464;A01;2;7;0;2;6;15;1;
202200000284;813 465;B01;2;7;0;2;3;1;1;
202200000285;813 460;B01;0;33;0;0;4;1;1;
202200000285;813 462;A01;0;7;0;2;1;1;1;
202200000286;813 459;A01;2;32;0;2;1;1;1;
202200000286;813 461;B01;1;7;0;2;7;15;1;
202200000287;813 456;A01;1;2;0;2;2;21;1;
202200000287;813 458;B01;1;10;0;2;6;16;1;
202200000288;813 455;B01;3;7;0;2;3;1;1;
202200000288;813 457;A01;3;33;0;2;1;1;1;
202200000289;813 454;A01;1;2;0;0;0;0;1;
202200000290;813 453;A01;0;37;0;1;0;1;0;1.0
202200000291;813 450;B01;1;7;0;2;3;5;1;
202200000291;813 451;A01;2;7;0;2;3;1;1;
202200000292;813 449;A01;1;33;0;0;7;1;1;
202200000293;813 445;B01;2;2;0;2;3;9;1;
202200000293;813 446;A01;2;7;0;2;2;1;1;
202200000294;813 444;A01;3;7;0;1;3;1;1;
202200000295;813 440;B01;1;7;0;2;8;1;1;
202200000295;813 442;A01;1;10;0;2;1;19;1;
202200000296;813 441;B01;1;10;0;2;2;0;0;
202200000296;813 443;A01;1;7;4;2;2;5;1;
202200000297;813 438;A01;0;15;0;1;1;1;1;
202200000298;813 439;A01;2;33;12;0;1;2;1;
202200000299;813 435;B01;0;7;0;2;0;0;1;
202200000299;813 437;A01;0;2;0;2;0;0;1;
202200000300;813 433;A01;1;34;3;2;7;3;1;
202200000300;813 434;B01;1;7;3;2;6;1;1;
202200000300;813 436;C01;1;7;0;2;8;1;1;
202200000301;813 432;A01;1;50;1;0;7;1;3;
202200000302;813 429;A01;2;10;0;2;4;1;1;
202200000302;813 431;B01;2;7;0;2;1;2;1;
202200000303;813 428;B01;2;80;0;2;1;1;3;
202200000303;813 430;A01;1;7;0;2;3;15;1;
202200000304;813 427;A01;2;7;3;0;1;14;1;
202200000305;813 422;A01;3;7;1;0;2;2;1;
202200000305;813 426;B01;3;7;1;0;3;2;0;
202200000306;813 420;A01;1;7;0;2;4;1;1;
202200000306;813 421;B01;1;7;0;2;4;2;1;
202200000306;813 423;C01;1;7;0;2;4;1;1;
202200000306;813 424;D01;1;7;0;2;4;0;1;
202200000306;813 425;E01;1;7;0;2;1;2;1;
202200000307;813 418;A01;3;7;0;2;2;15;1;
202200000307;813 419;B01;3;30;0;2;1;1;0;
202200000308;813 416;B01;2;10;0;2;6;2;1;
202200000308;813 417;A01;2;17;0;2;1;2;1;
202200000309;813 414;A01;2;2;0;2;1;19;1;
202200000309;813 415;B01;2;7;0;2;8;1;1;
202200000310;813 412;A01;2;33;0;2;1;2;1;
202200000310;813 413;B01;2;7;0;2;5;1;1;
202200000311;813 411;A01;1;33;0;0;0;1;1;
202200000312;813 410;A01;1;7;1;0;1;14;1;
202200000313;813 406;B01;1;7;0;2;1;1;1;
202200000313;813 408;A01;1;7;0;2;2;1;1;
202200000314;813 405;C01;1;7;0;2;4;1;1;
202200000314;813 407;A01;1;7;0;2;1;1;1;
202200000314;813 409;B01;1;7;0;2;4;1;1;
202200000315;813 402;B01;3;32;0;2;1;1;1;
202200000315;813 404;A01;3;7;0;2;3;21;2;
202200000316;813 403;A01;2;7;4;0;2;1;1;
202200000317;813 401;A01;2;7;0;1;2;1;1;
202200000318;813 399;B01;2;33;0;2;3;3;1;
202200000318;813 400;A01;2;10;0;2;2;12;1;
202200000319;813 398;Y01;3;1;15;0;1;26;5;
202200000320;813 395;A01;2;10;0;2;7;15;1;
202200000320;813 397;B01;1;7;0;2;2;1;1;
202200000321;813 394;B01;1;33;0;2;8;3;1;
202200000321;813 396;A01;1;7;0;2;7;1;1;
202200000322;813 390;B01;3;80;0;2;8;25;3;
202200000322;813 393;A01;3;7;0;2;1;19;1;
202200000323;813 388;A01;1;10;9;0;1;1;1;
202200000324;813 389;A01;2;7;0;2;8;11;1;
202200000324;813 391;B01;2;15;0;2;2;1;1;
202200000324;813 392;C01;2;7;0;2;7;1;1;
202200000325;813 387;A01;1;7;0;1;3;7;1;
202200000326;813 383;D01;2;7;0;2;8;2;1;
202200000326;813 384;C01;2;7;0;2;4;2;1;
202200000326;813 385;B01;2;7;0;2;9;2;1;
202200000326;813 386;A01;2;10;0;2;1;2;1;
202200000327;813 380;B01;2;10;0;2;4;1;1;
202200000327;813 381;A01;2;31;0;2;1;21;1;
202200000328;813 377;B01;1;7;0;2;4;2;1;
202200000328;813 378;A01;1;32;0;2;1;2;1;
202200000329;813 379;B01;3;10;0;2;1;1;1;
202200000329;813 382;A01;1;7;8;0;3;2;1;
202200000330;813 375;A01;1;7;13;0;3;13;1;
202200000331;813 374;B01;1;7;0;2;1;1;1;
202200000331;813 376;A01;1;7;0;2;4;2;1;
202200000332;813 371;A01;3;37;0;2;5;17;1;1.0
202200000332;813 373;B01;3;1;0;2;8;1;5;
202200000333;813 370;A01;1;7;0;2;2;9;1;
202200000333;813 372;B01;1;7;0;2;6;1;2;
202200000334;813 365;C01;2;7;0;0;4;2;1;
202200000334;813 367;B01;2;10;0;0;4;2;1;
202200000334;813 369;A01;2;7;0;2;1;2;1;
202200000335;813 364;A01;2;14;0;2;2;12;1;
202200000335;813 366;B01;2;7;1;2;6;1;1;
202200000335;813 368;C01;2;7;0;2;1;1;2;
202200000336;813 363;A01;1;7;3;0;1;14;1;
202200000337;813 362;A01;2;7;2;0;1;1;1;
202200000338;813 361;A01;1;7;0;1;1;1;1;
202200000339;813 360;A01;1;30;16;0;1;2;3;
202200000340;813 358;A01;1;7;0;2;0;11;1;
202200000340;813 359;B01;1;7;0;2;2;1;1;
202200000341;813 355;B01;3;7;0;2;7;15;1;
202200000341;813 357;A01;3;7;0;2;1;9;1;
202200000342;813 354;A01;1;7;0;2;1;15;1;
202200000342;813 356;B01;1;1;0;2;7;19;5;
202200000343;813 351;A01;2;15;0;2;2;12;1;
202200000343;813 352;B01;2;7;0;2;6;1;1;
202200000344;813 350;A01;1;7;0;2;5;15;1;
202200000344;813 353;B01;1;7;0;2;1;16;1;
202200000345;813 346;C01;1;7;0;2;3;1;1;
202200000345;813 348;B01;2;32;0;2;8;1;1;
202200000345;813 349;A01;2;33;0;2;0;0;0;
202200000346;813 345;B01;3;7;0;2;4;23;1;
202200000346;813 347;A01;3;7;0;2;1;1;1;
202200000347;813 344;A01;2;7;1;0;6;14;1;
202200000348;813 341;A01;1;7;8;0;2;13;1;
202200000349;813 340;A01;1;0;0;1;1;1;0;
202200000350;813 338;A01;2;33;0;2;1;26;1;
202200000350;813 339;B01;1;7;0;2;2;15;1;
202200000351;813 336;B01;3;10;0;2;8;15;1;
202200000351;813 337;A01;3;7;0;2;1;1;1;
202200000352;813 334;A01;1;7;0;2;7;9;1;
202200000352;813 335;B01;1;7;0;2;1;1;1;
202200000353;813 333;A01;1;7;6;0;1;15;1;
202200000354;813 331;A01;1;14;0;0;0;1;1;
202200000354;813 332;B01;2;10;0;0;0;0;0;
202200000355;813 329;B01;2;7;0;2;8;1;1;
202200000355;813 330;A01;1;7;0;2;3;13;1;
202200000356;813 328;A01;2;7;0;1;2;15;1;
202200000357;813 325;A01;2;10;0;2;1;2;1;
202200000357;813 326;B01;2;7;0;2;4;2;1;
202200000357;813 327;C01;2;7;0;2;4;2;1;
202200000358;813 323;B01;2;7;0;2;1;1;2;
202200000358;813 324;A01;1;7;0;2;2;1;1;
202200000359;813 321;A01;3;7;0;2;4;2;1;
202200000359;813 322;B01;3;7;0;2;2;2;1;
202200000360;813 319;A01;1;2;0;2;8;9;1;
202200000360;813 320;Z01;1;7;0;2;7;1;1;
202200000361;813 317;B01;2;7;0;2;4;16;1;
202200000361;813 318;A01;1;33;0;2;1;1;1;
202200000362;813 315;B01;1;1;0;2;2;1;5;
202200000362;813 316;A01;2;7;0;2;1;15;1;
202200000363;813 313;A01;2;7;0;2;2;1;1;
202200000363;813 314;B01;2;80;0;2;3;15;3;
202200000364;813 311;A01;1;7;0;2;1;15;1;
202200000364;813 312;B01;1;31;0;2;8;1;1;
202200000365;813 309;A01;1;7;0;2;3;10;1;
202200000365;813 310;B01;1;33;0;2;1;2;1;
202200000366;813 308;A01;1;7;0;1;1;15;1;
202200000367;813 306;B01;1;32;0;2;8;1;1;
202200000367;813 307;A01;2;7;0;2;3;15;1;
202200000368;813 303;A01;2;30;0;2;1;1;1;
202200000368;813 304;B01;2;7;0;2;6;23;1;
202200000368;813 305;C01;2;7;0;2;3;1;1;
202200000369;813 301;B01;2;33;0;2;3;1;1;
202200000369;813 302;A01;1;7;0;2;1;15;1;
202200000370;813 300;A01;1;10;6;0;1;26;1;
202200000371;813 296;A01;1;7;0;2;1;1;1;
202200000371;813 297;B01;2;50;0;2;8;1;3;
202200000372;813 293;C01;3;7;0;2;4;2;1;
202200000372;813 294;B01;3;7;0;2;4;2;1;
202200000372;813 295;A01;3;7;0;2;1;2;1;
202200000373;813 292;A01;3;37;0;0;0;1;1;7.0
202200000374;813 290;A01;1;7;0;2;2;15;1;
202200000374;813 291;B01;2;32;0;2;1;1;1;
202200000375;813 288;A01;1;7;4;2;1;1;1;
202200000375;813 289;B01;1;10;0;2;8;1;1;
202200000376;813 287;A01;1;7;0;1;8;1;1;
202200000377;813 285;Y01;0;1;0;2;8;9;5;
202200000377;813 286;A01;1;7;0;2;2;1;1;
202200000378;813 284;A01;3;7;0;2;2;19;1;
202200000379;813 283;A01;1;7;9;0;1;1;1;
202200000380;813 281;Z01;3;1;0;2;1;15;5;
202200000380;813 282;A01;3;7;0;9;5;16;1;
202200000381;813 280;A01;1;1;0;1;2;1;5;
202200000382;813 278;B01;1;7;0;2;3;0;1;
202200000382;813 279;A01;2;7;0;2;1;15;1;
202200000383;813 276;B01;2;1;0;2;1;1;5;
202200000383;813 277;Z01;2;38;0;2;4;4;0;1.0
202200000384;813 274;A01;3;7;0;2;8;9;1;
202200000384;813 275;B01;3;41;0;2;2;1;3;
202200000385;813 273;A01;2;33;0;1;2;1;1;
202200000386;813 271;A01;2;30;0;2;2;17;3;
202200000386;813 272;B01;2;10;0;2;3;2;1;
202200000387;813 270;A01;3;7;0;0;0;1;1;
202200000388;813 268;B01;1;7;0;2;4;1;1;
202200000388;813 269;A01;1;7;0;2;1;1;1;
202200000389;813 267;A01;1;10;14;0;1;14;1;
202200000390;813 266;A01;2;10;2;0;1;14;1;
202200000391;813 264;A01;1;43;0;2;3;2;1;
202200000391;813 265;B01;1;7;0;2;5;2;1;
202200000392;813 262;A01;1;1;0;2;4;2;5;
202200000392;813 263;Z01;1;7;0;2;1;2;0;
202200000393;813 260;B01;1;10;10;2;5;1;1;
202200000393;813 261;A01;2;32;0;2;2;1;1;
202200000394;813 258;Z01;1;1;0;2;0;13;5;
202200000394;813 259;A01;2;1;0;2;0;1;5;
202200000395;813 255;C01;2;7;0;2;4;2;1;
202200000395;813 256;B01;2;7;0;2;1;2;3;
202200000395;813 257;A01;2;7;0;2;1;2;1;
202200000396;813 253;B01;1;43;0;2;8;17;1;
202200000396;813 254;A01;1;37;0;2;8;15;1;1.0
202200000397;813 251;A01;3;30;0;2;0;1;1;
202200000397;813 252;Z01;3;7;0;2;0;1;0;
202200000398;813 250;Z01;2;1;0;1;0;1;5;
202200000399;813 249;A01;1;7;14;2;2;12;1;
202200000400;813 248;A01;1;32;12;0;9;15;1;
202200000401;813 246;B01;3;32;0;2;3;1;1;
202200000401;813 247;A01;3;31;0;2;1;1;1;
202200000402;813 244;A01;2;7;0;2;3;15;1;
202200000402;813 245;B01;2;1;0;2;2;1;5;
202200000403;813 243;A01;2;1;0;0;1;1;5;
202200000404;813 241;A01;2;80;0;2;8;5;3;
202200000404;813 242;B01;1;7;0;2;3;1;2;
202200000405;813 239;A01;1;7;0;2;2;15;2;
202200000405;813 240;B01;2;1;0;2;1;1;5;
202200000406;813 238;A01;2;43;14;0;1;12;1;
202200000407;813 237;A01;1;1;0;0;5;1;5;
202200000408;813 235;B01;1;2;0;2;1;17;1;
202200000408;813 236;A01;1;7;0;2;3;26;1;
202200000409;813 233;A01;1;1;0;2;4;1;5;
202200000409;813 234;B01;1;32;0;2;1;2;1;
202200000410;813 231;A01;1;7;0;2;1;2;1;
202200000410;813 232;B01;1;7;0;2;4;2;2;
202200000411;813 230;A01;3;1;0;0;0;15;5;
202200000412;813 228;A01;1;7;0;2;2;1;1;
202200000412;813 229;B01;1;50;0;2;1;1;3;
202200000413;813 227;A01;2;37;0;1;5;1;6;1.0
202200000414;813 225;B01;2;1;0;2;1;2;5;
202200000414;813 226;A01;2;7;0;2;2;16;1;
202200000415;813 224;A01;2;33;0;1;1;15;1;
202200000416;813 222;B01;3;7;0;2;1;2;1;
202200000416;813 223;A01;3;7;0;2;4;9;1;
202200000417;813 220;A01;1;7;0;2;1;1;1;
202200000417;813 221;B01;2;60;0;2;1;19;5;
202200000418;813 219;A01;2;7;0;1;3;1;1;
202200000419;813 218;A01;1;50;0;1;1;1;3;
202200000420;813 217;A01;1;7;0;1;3;1;1;
202200000421;813 216;A01;1;0;0;1;0;1;0;
202200000422;813 214;A01;0;30;0;2;1;5;0;
202200000422;813 215;B01;0;34;0;2;1;1;0;
202200000423;813 212;A01;1;7;0;2;8;10;1;
202200000423;813 213;B01;1;7;0;2;4;26;1;
202200000424;813 210;A01;1;10;0;2;3;0;0;
202200000424;813 211;B01;1;1;1;2;1;0;5;
202200000425;813 208;B01;1;7;0;2;3;2;1;
202200000425;813 209;A01;1;32;0;2;7;26;1;
202200000426;813 206;A01;1;50;1;0;3;1;3;
202200000426;813 207;B01;1;7;1;0;1;24;0;
202200000427;813 204;A01;1;1;0;2;1;1;5;
202200000427;813 205;B01;1;1;0;2;4;1;5;
202200000428;813 202;A01;2;7;0;2;1;1;1;
202200000428;813 203;B01;1;7;0;2;8;15;1;
202200000429;813 200;B01;2;7;0;2;3;16;3;
202200000429;813 201;A01;2;33;11;0;2;1;1;
202200000430;813 198;B01;1;33;0;2;3;1;1;
202200000430;813 199;A01;2;7;0;2;7;15;1;
202200000431;813 194;A01;2;7;0;2;1;13;1;
202200000431;813 196;B01;1;7;0;2;1;1;1;
202200000432;813 195;A01;2;7;4;2;1;21;1;
202200000432;813 197;B01;2;17;0;0;6;26;1;
202200000433;813 191;A01;3;34;0;2;1;13;1;
202200000433;813 193;B01;3;7;0;2;1;1;1;
202200000434;813 189;B01;1;7;0;2;4;2;1;
202200000434;813 190;A01;1;7;1;2;1;2;1;
202200000435;813 188;B01;2;31;0;2;2;2;1;
202200000435;813 192;A01;1;7;0;2;3;15;1;
202200000436;813 187;A01;1;7;0;0;9;17;1;
202200000437;813 182;A01;1;7;14;2;1;2;1;
202200000437;813 184;B01;1;7;0;1;0;23;1;
202200000438;813 183;A01;1;7;0;2;1;10;1;
202200000438;813 185;B01;2;2;0;2;3;1;1;
202200000439;813 181;A01;2;7;17;0;1;14;1;
202200000440;813 178;A01;2;7;0;2;1;13;1;
202200000440;813 179;B01;1;7;0;0;1;1;1;
202200000441;813 177;B01;1;7;0;2;3;15;1;
202200000441;813 180;A01;2;33;0;2;2;17;1;
202200000442;813 176;A01;2;33;16;0;1;0;1;
202200000443;813 174;A01;2;50;0;2;8;2;3;
202200000443;813 175;B01;2;7;0;2;5;13;1;
202200000444;813 173;A01;1;33;0;0;1;1;1;
202200000445;813 171;B01;2;7;0;2;3;1;1;
202200000445;813 172;A01;1;33;0;2;1;5;1;
202200000446;813 170;A01;0;1;0;0;0;1;5;
202200000447;813 169;A01;1;7;0;1;2;1;1;
202200000448;813 167;A01;1;7;2;2;1;1;1;
202200000448;813 168;B01;2;7;0;2;2;14;1;
202200000449;813 166;A01;2;7;13;0;9;0;1;
202200000450;813 165;A01;1;7;0;1;3;13;0;
202200000451;813 163;A01;1;3;2;0;1;13;1;
202200000452;813 162;A01;2;1;0;2;1;1;5;
202200000452;813 164;B01;3;60;0;2;7;19;5;
202200000453;813 160;A01;2;33;0;0;1;21;1;
202200000454;813 159;B01;2;7;0;2;1;1;1;
202200000454;813 161;A01;1;7;0;2;2;15;1;
202200000455;813 157;A01;1;33;15;0;1;1;1;
202200000456;813 156;B01;2;7;0;2;2;0;1;
202200000456;813 158;A01;2;33;0;2;7;0;1;
202200000457;813 154;B01;2;1;0;2;1;1;5;
202200000457;813 155;A01;1;7;0;0;7;15;1;
202200000458;813 153;A01;3;7;0;0;8;1;1;
202200000459;813 149;C01;2;10;0;2;1;1;1;
202200000459;813 150;A01;2;7;0;2;4;23;2;
202200000459;813 152;B01;2;7;0;2;4;23;1;
202200000460;813 148;A01;1;7;13;0;1;13;1;
202200000461;813 147;A01;1;7;0;2;2;15;1;
202200000461;813 151;B01;1;3;6;0;3;1;1;
202200000462;813 145;A01;1;7;0;0;3;1;1;
202200000463;813 144;B01;1;1;0;2;8;1;5;
202200000463;813 146;A01;1;10;0;2;8;1;1;
202200000464;813 141;A01;2;7;0;2;9;2;1;
202200000464;813 142;B01;2;7;0;2;1;1;1;
202200000464;813 143;C01;1;7;0;2;3;21;1;
202200000465;813 138;B01;1;7;0;2;1;1;1;
202200000465;813 140;A01;3;7;0;2;0;0;0;
202200000466;813 136;B01;1;7;0;0;7;1;1;
202200000466;813 139;A01;1;7;0;2;1;9;1;
202200000467;813 135;B01;1;7;0;2;8;15;1;
202200000467;813 137;A01;1;30;0;2;8;1;1;
202200000468;813 131;B01;1;7;0;2;3;1;1;
202200000468;813 133;A01;2;7;0;2;3;13;2;
202200000469;813 132;A01;2;7;0;2;2;15;1;
202200000469;813 134;B01;2;7;0;2;1;1;0;
202200000470;813 129;B01;1;7;0;2;1;1;1;
202200000470;813 130;A01;2;7;0;2;9;1;1;
202200000471;813 127;A01;3;7;0;2;1;2;1;
202200000471;813 128;B01;3;7;15;2;4;16;0;
202200000472;813 126;A01;2;10;13;0;3;1;1;
202200000473;813 125;A01;1;7;0;1;5;1;1;
202200000474;813 121;B01;1;99;0;2;1;2;0;
202200000474;813 123;A01;2;7;0;2;7;16;1;
202200000475;813 119;B01;1;7;0;2;1;1;1;
202200000475;813 124;A01;2;7;0;2;1;26;1;
202200000476;813 120;A01;1;7;0;2;1;13;1;
202200000476;813 122;B01;2;7;0;2;1;1;1;
202200000477;813 117;A01;1;7;8;0;9;21;1;
202200000478;813 116;A01;2;7;10;0;1;1;1;
202200000479;813 113;A01;1;7;15;2;1;17;1;
202200000479;813 115;B01;1;37;0;2;3;1;1;1.0
202200000479;813 118;C01;1;7;0;2;4;1;1;
202200000480;813 111;A01;3;7;0;9;2;1;1;
202200000480;813 114;B01;0;1;0;2;8;13;5;
202200000481;813 110;A01;2;30;0;2;1;5;1;
202200000481;813 112;B01;1;38;0;2;1;1;1;1.0
202200000482;813 108;A01;1;7;0;1;2;16;1;
202200000483;813 107;A01;1;7;0;0;1;0;1;
202200000484;813 109;A01;3;7;0;1;1;1;0;
202200000485;813 105;A01;2;10;0;0;0;1;1;
202200000486;813 106;A01;1;7;8;0;1;1;1;
202200000487;813 103;A01;1;7;0;2;2;1;2;
202200000487;813 104;B01;1;1;0;2;3;19;5;
202200000488;813 100;A01;3;10;0;2;2;19;1;
202200000488;813 102;B01;1;33;0;2;1;1;1;
202200000489;813 098;A01;2;7;0;2;2;16;1;
202200000489;813 099;B01;2;50;0;0;3;16;3;
202200000490;813 096;A01;2;33;0;2;1;13;1;
202200000490;813 097;B01;1;7;0;2;1;1;1;
202200000491;813 095;A01;1;10;0;1;0;1;1;
202200000492;813 094;A01;2;7;0;1;1;1;1;
202200000493;813 092;B01;0;30;0;2;1;1;1;
202200000493;813 093;A01;3;33;0;2;1;1;1;
202200000494;813 091;A01;2;7;0;1;7;2;2;
202200000495;813 090;A01;2;7;0;1;4;4;1;
202200000496;813 086;A01;1;7;0;2;4;2;1;
202200000496;813 088;B01;1;1;0;2;1;2;5;
202200000497;813 087;A01;1;1;0;2;5;1;5;
202200000497;813 089;B01;1;7;0;2;3;9;1;
202200000498;813 084;A01;2;2;0;0;0;1;1;
202200000499;813 085;A01;0;7;13;0;3;0;1;
202200000500;813 083;A01;2;7;0;1;1;1;1;
202200000501;813 082;A01;1;7;15;0;3;1;1;
202200000502;813 080;A01;3;7;13;0;1;26;1;
202200000503;813 079;B01;1;7;0;0;4;19;1;
202200000503;813 081;A01;1;33;0;2;7;21;1;
202200000504;813 077;A01;0;50;0;2;1;9;3;
202200000504;813 078;B01;2;7;0;2;2;1;1;
202200000505;813 076;A01;3;7;0;1;1;1;1;
202200000506;813 075;A01;2;7;2;0;3;13;1;
202200000507;813 072;A01;3;1;0;0;8;19;5;
202200000507;813 073;B01;3;7;0;9;2;1;1;
202200000508;813 071;B01;0;10;0;0;4;2;1;
202200000508;813 074;A01;0;7;0;2;4;2;1;
202200000509;813 068;A01;1;7;0;2;1;1;1;
202200000509;813 070;B01;1;15;0;2;6;1;1;
202200000510;813 067;A01;1;2;0;2;1;5;1;
202200000510;813 069;B01;2;7;0;2;3;0;1;
202200000511;813 063;A01;2;7;0;2;2;7;2;
202200000511;813 066;B01;0;7;0;2;3;9;1;
202200000512;813 064;A01;2;-1;0;1;0;0;0;
202200000513;813 062;B01;1;15;0;2;4;2;1;
202200000513;813 065;A01;1;10;0;2;1;2;1;
202200000514;813 061;A01;3;36;12;0;3;1;1;
202200000515;813 060;A01;3;7;0;1;2;15;1;
202200000516;813 058;A01;0;7;16;0;0;14;1;
202200000517;813 057;A01;2;7;0;1;2;1;1;
202200000518;813 055;B01;1;80;0;2;1;1;3;
202200000518;813 059;A01;1;7;0;2;3;16;1;
202200000519;813 054;B01;2;7;0;2;1;2;1;
202200000519;813 056;A01;2;2;0;0;4;2;0;
202200000520;813 051;A01;2;7;0;2;2;1;1;
202200000520;813 053;B01;1;7;0;2;2;1;1;
202200000521;813 050;A01;2;32;1;0;2;1;1;
202200000522;813 049;A01;2;2;0;2;1;1;1;
202200000522;813 052;B01;1;10;0;0;6;15;1;
202200000523;813 048;A01;1;7;0;0;1;1;1;
202200000524;813 045;B01;2;7;0;2;4;23;1;
202200000524;813 046;A01;2;10;0;2;1;1;1;
202200000525;813 041;A01;2;10;0;2;6;0;1;
202200000525;813 044;B01;2;33;0;2;1;0;1;
202200000526;813 042;A01;2;7;4;0;3;21;1;
202200000527;813 039;A01;0;7;0;2;1;1;1;
202200000527;813 040;B01;0;99;0;2;1;19;5;
202200000528;813 038;A01;1;7;0;0;9;1;1;
202200000529;813 036;A01;1;7;0;1;7;1;1;
202200000530;813 033;B01;-1;2;-1;2;4;2;1;
202200000530;813 034;A01;3;7;0;2;1;1;1;
202200000531;813 031;A01;1;7;0;2;8;15;1;
202200000531;813 035;B01;2;14;0;2;1;1;1;
202200000532;813 030;B01;2;7;0;2;1;1;1;
202200000532;813 043;A01;1;7;0;2;1;5;1;
202200000533;813 032;A01;3;7;0;2;3;15;1;
202200000533;813 037;B01;3;7;0;2;1;1;1;
202200000534;813 027;A01;1;33;0;0;1;21;1;
202200000535;813 024;A01;1;7;0;2;4;2;1;
202200000535;813 026;B01;1;7;0;2;4;2;1;
202200000535;813 028;C01;1;7;0;2;4;2;1;
202200000535;813 029;D01;1;7;0;2;1;2;1;
202200000536;813 022;A01;2;7;0;2;2;15;1;
202200000536;813 025;B01;1;33;0;2;1;1;1;
202200000537;813 020;A01;3;7;0;2;1;5;1;
202200000537;813 023;B01;3;7;0;2;1;0;1;
202200000538;813 019;B01;1;7;0;2;1;1;1;
202200000538;813 021;A01;2;7;0;2;1;1;1;
202200000539;813 018;A01;1;7;3;0;3;0;1;
202200000540;813 014;A01;3;7;0;2;3;15;1;
202200000540;813 016;B01;3;34;0;2;8;0;1;
202200000541;813 015;A01;1;2;0;0;8;1;1;
202200000542;813 012;A01;1;7;0;1;1;0;1;
202200000543;813 011;A01;0;33;0;2;9;17;1;
202200000543;813 013;B01;1;7;0;2;1;1;1;
202200000543;813 017;C01;2;7;0;2;6;1;1;
202200000544;813 006;A01;1;33;10;0;8;1;1;
202200000545;813 007;B01;1;7;1;2;1;2;1;
202200000545;813 010;A01;1;7;0;0;4;23;1;
202200000546;813 005;A01;0;7;0;0;4;-1;-1;
202200000546;813 009;B01;0;43;-1;2;1;17;-1;
202200000547;813 004;B01;2;7;0;2;8;13;1;
202200000547;813 008;A01;1;7;0;2;8;1;1;
202200000548;813 002;A01;1;7;16;0;0;13;1;
202200000549;813 000;A01;3;7;14;2;1;1;1;
202200000549;813 001;B01;3;7;1;2;4;23;1;
202200000550;812 999;B01;1;10;0;0;3;1;1;
202200000550;813 003;A01;1;33;2;2;3;17;1;
202200000551;812 994;A01;2;7;13;0;1;1;1;
202200000552;812 993;A01;1;7;0;2;3;15;1;
202200000552;812 997;B01;1;32;0;2;2;17;1;
202200000553;812 995;B01;1;7;0;2;6;2;1;
202200000553;812 998;A01;1;7;0;2;1;2;1;
202200000554;812 992;B01;1;14;0;2;2;1;1;
202200000554;812 996;A01;2;33;4;2;1;5;1;
202200000555;812 991;A01;3;7;0;1;4;4;1;
202200000556;812 990;A01;1;7;7;1;1;1;1;
202200000557;812 987;B01;2;7;0;2;1;13;1;
202200000557;812 989;A01;1;7;0;2;1;1;1;
202200000558;812 988;A01;1;7;6;0;2;0;1;
202200000559;812 985;A01;3;36;13;0;3;1;1;
202200000560;812 982;A01;2;7;0;2;1;13;1;
202200000560;812 986;B01;1;7;0;0;1;1;1;
202200000561;812 984;A01;3;2;0;0;8;1;1;
202200000562;812 981;A01;2;43;0;2;1;1;1;
202200000562;812 983;B01;1;7;0;2;8;15;1;
202200000563;812 980;A01;2;10;0;1;2;2;1;
202200000564;812 977;B01;1;7;0;2;3;10;1;
202200000564;812 979;A01;1;32;0;2;3;21;1;
202200000565;812 975;B01;1;33;0;2;3;1;1;
202200000565;812 978;A01;2;10;0;2;8;17;1;
202200000566;812 973;A01;3;7;0;2;1;1;1;
202200000566;812 976;B01;3;7;0;2;3;9;1;
202200000567;812 972;A01;2;10;0;0;1;14;1;
202200000568;812 971;A01;2;7;0;2;3;15;1;
202200000568;812 974;B01;2;33;0;2;1;17;1;
202200000569;812 968;A01;3;50;0;0;0;0;3;
202200000570;812 967;B01;3;10;0;2;1;1;1;
202200000570;812 970;A01;3;7;0;2;1;1;1;
202200000571;812 966;A01;0;7;0;1;2;19;1;
202200000572;812 965;A01;3;7;13;0;2;1;1;
202200000572;812 969;B01;3;7;0;0;0;17;0;
202200000573;812 964;Z01;2;10;0;1;1;1;3;
202200000574;812 963;A01;2;2;15;0;7;0;1;
202200000575;812 960;B01;2;2;0;2;0;5;1;
202200000575;812 962;A01;1;7;0;2;0;17;0;
202200000576;812 961;A01;2;7;2;0;1;1;1;
202200000577;812 957;B01;1;7;0;2;2;1;1;
202200000577;812 959;A01;1;33;0;2;1;1;1;
202200000578;812 954;A01;1;10;0;2;2;2;1;
202200000578;812 956;B01;1;1;0;2;6;1;5;
202200000579;812 953;A01;3;50;0;0;1;1;3;
202200000580;812 949;A01;3;7;16;0;2;14;1;
202200000581;812 948;A01;0;7;0;2;1;5;1;
202200000581;812 951;B01;0;7;0;2;1;2;1;
202200000581;812 952;C01;0;7;0;2;1;2;1;
202200000582;812 944;B01;1;2;0;2;1;2;1;
202200000582;812 947;A01;1;7;0;2;8;15;1;
202200000583;812 941;A01;2;7;0;2;4;23;1;
202200000583;812 942;B01;2;7;0;2;4;2;1;
202200000583;812 945;C01;2;7;0;2;1;2;1;
202200000584;812 940;A01;1;7;3;0;2;14;1;
202200000585;812 939;D01;3;7;0;0;4;2;1;
202200000585;812 943;C01;3;7;0;2;4;2;1;
202200000585;812 946;B01;3;7;13;2;5;2;1;
202200000585;812 950;A01;3;10;0;2;1;2;1;
202200000586;812 937;A01;2;34;0;0;0;1;1;
202200000587;812 936;A01;1;10;0;2;3;13;1;
202200000587;812 938;B01;1;10;0;2;7;1;1;
202200000588;812 933;B01;2;7;0;2;8;1;1;
202200000588;812 934;A01;2;32;0;2;7;13;1;
202200000589;812 930;A01;1;0;0;2;1;0;0;
202200000589;812 931;B01;1;10;0;2;4;1;1;
202200000590;812 932;B01;2;80;0;0;8;2;3;
202200000590;812 935;A01;2;7;0;2;7;17;1;
202200000591;812 927;B01;2;7;0;2;1;2;1;
202200000591;812 929;A01;2;7;0;2;4;2;1;
202200000592;812 926;A01;3;7;0;0;4;23;1;
202200000592;812 928;B01;3;1;0;2;1;1;5;
202200000593;812 921;A01;2;20;0;1;2;1;1;
202200000594;812 920;A01;2;7;0;2;5;2;1;
202200000594;812 922;B01;2;10;0;2;1;2;1;
202200000594;812 924;C01;2;7;0;2;1;2;1;
202200000595;812 923;B01;2;7;0;2;3;11;1;
202200000595;812 925;A01;2;33;0;2;2;3;1;
202200000596;812 915;B01;3;7;0;0;1;1;1;
202200000596;812 918;A01;0;33;0;2;1;1;1;
202200000597;812 917;A01;2;33;0;2;7;17;1;
202200000597;812 919;B01;2;7;0;2;8;3;2;
202200000598;812 914;B01;1;7;0;2;1;1;1;
202200000598;812 916;A01;1;13;0;2;4;1;1;
202200000599;812 911;B01;1;7;0;2;8;1;1;
202200000599;812 913;A01;1;15;0;2;7;12;1;
202200000600;812 906;B01;1;7;0;2;3;1;1;
202200000600;812 910;A01;2;7;0;2;3;1;1;
202200000601;812 905;A01;2;7;14;2;1;1;1;
202200000601;812 907;B01;2;7;0;2;4;11;1;
202200000602;812 904;A01;2;33;0;0;7;13;1;
202200000603;812 903;A01;0;7;9;1;7;1;1;
202200000604;812 902;A01;1;33;0;0;7;2;1;
202200000605;812 896;A01;1;7;-1;2;1;13;1;
202200000605;812 898;B01;2;7;-1;2;1;1;2;
202200000605;812 900;C01;2;7;-1;2;2;21;1;
202200000606;812 895;B01;2;7;0;2;8;1;1;
202200000606;812 897;A01;2;15;0;2;2;14;1;
202200000607;812 899;A01;3;10;0;0;6;1;1;
202200000607;812 901;B01;3;32;0;2;1;1;1;
202200000608;812 891;A01;2;33;14;0;1;2;1;
202200000609;812 889;A01;1;7;0;2;1;2;1;
202200000609;812 890;B01;1;7;0;2;4;2;1;
202200000610;812 888;A01;1;7;4;0;8;1;1;
202200000611;812 884;A01;1;7;0;2;1;12;1;
202200000611;812 885;B01;1;7;0;2;4;0;1;
202200000612;812 883;A01;1;7;4;2;5;1;1;
202200000612;812 886;B01;1;7;0;2;3;9;1;
202200000613;812 882;A01;3;7;0;1;4;23;1;
202200000614;812 881;A01;1;7;4;0;3;1;1;
202200000615;812 877;A01;2;7;0;2;0;26;1;
202200000615;812 880;B01;1;1;0;2;1;0;5;
202200000616;812 879;A01;0;10;0;1;4;4;1;
202200000617;812 875;C01;2;7;0;2;3;1;1;
202200000617;812 876;B01;2;7;0;2;5;1;2;
202200000617;812 878;A01;2;7;0;2;3;0;1;
202200000618;812 872;A01;1;7;0;2;1;13;1;
202200000618;812 874;B01;2;7;0;2;1;13;1;
202200000619;812 870;A01;1;7;0;2;1;12;1;
202200000619;812 871;B01;1;7;0;2;5;1;1;
202200000620;812 869;B01;1;17;0;0;4;1;1;
202200000620;812 873;A01;1;7;3;2;1;14;1;
202200000621;812 868;A01;1;14;6;0;1;13;1;
202200000622;812 864;A01;3;30;0;2;1;17;1;
202200000622;812 866;B01;3;7;0;2;6;15;1;
202200000623;812 865;A01;1;7;0;2;1;2;1;
202200000623;812 867;B01;1;7;0;2;4;2;1;
202200000624;812 863;A01;1;7;0;1;2;0;1;
202200000625;812 858;C01;2;7;0;2;6;1;1;
202200000625;812 860;B01;2;10;0;2;1;1;1;
202200000625;812 862;A01;1;7;0;2;1;9;1;
202200000626;812 859;B01;1;7;4;2;2;12;1;
202200000626;812 861;A01;1;33;4;2;1;3;1;
202200000627;812 857;A01;1;7;2;0;1;1;1;
202200000628;812 854;B01;1;33;0;2;1;1;1;
202200000628;812 855;A01;1;7;0;2;6;11;1;
202200000629;812 852;A01;1;7;0;2;3;1;1;
202200000629;812 853;B01;2;7;0;2;3;23;1;
202200000630;812 848;A01;1;7;0;2;4;2;0;
202200000630;812 849;B01;1;7;0;2;4;2;0;
202200000630;812 850;C01;1;7;0;2;1;2;0;
202200000631;812 847;A01;2;33;13;0;2;1;1;
202200000632;812 846;A01;1;34;0;0;8;1;1;
202200000633;812 851;A01;2;7;0;2;1;1;2;
202200000633;812 856;B01;2;33;0;2;1;2;1;
202200000634;812 844;A01;3;7;0;2;4;23;1;
202200000634;812 845;B01;3;1;0;2;1;1;5;
202200000635;812 843;A01;1;33;0;2;7;1;1;
202200000636;812 839;A01;2;7;0;0;8;1;1;
202200000636;812 841;B01;1;7;0;0;8;1;1;
202200000637;812 837;B01;1;7;0;2;1;2;1;
202200000637;812 840;A01;1;7;0;2;4;2;1;
202200000638;812 835;A01;1;7;0;2;1;0;1;
202200000638;812 836;B01;2;7;0;2;1;5;1;
202200000639;812 834;A01;1;17;0;1;4;1;1;
202200000640;812 838;B01;2;30;0;2;3;1;1;
202200000640;812 842;A01;3;7;0;2;1;15;1;
202200000641;812 832;A01;1;7;8;0;1;13;1;
202200000642;812 831;A01;1;7;0;1;3;1;1;
202200000643;812 828;A01;2;34;0;0;0;0;1;
202200000643;812 829;B01;2;14;0;2;8;2;1;
202200000644;812 827;A01;1;10;0;1;3;1;1;
202200000645;812 826;A01;0;7;0;1;2;26;1;
202200000646;812 825;A01;2;7;1;0;3;13;2;
202200000647;812 824;A01;0;7;0;1;2;26;1;
202200000648;812 821;B01;1;30;0;2;1;17;1;
202200000648;812 822;A01;1;32;0;2;8;17;1;
202200000649;812 820;A01;1;7;8;0;3;1;1;
202200000650;812 817;A01;2;7;0;2;3;13;1;
202200000650;812 819;B01;1;7;0;2;8;1;1;
202200000650;812 823;C01;1;7;0;2;6;1;1;
202200000651;812 815;A01;2;0;0;2;0;2;0;
202200000651;812 818;B01;2;30;0;2;4;2;1;
202200000652;812 814;B01;1;33;0;2;8;1;1;
202200000652;812 816;A01;2;7;0;2;3;15;2;
202200000653;812 811;A01;0;7;16;0;1;0;1;
202200000654;812 812;A01;1;33;0;2;1;17;1;
202200000654;812 813;B01;2;7;0;2;3;1;1;
202200000655;812 809;B01;2;7;0;2;1;2;1;
202200000655;812 810;A01;2;7;0;2;4;1;1;
202200000656;812 807;A01;2;7;3;0;3;13;1;
202200000657;812 805;B01;1;1;0;2;8;19;5;
202200000657;812 808;A01;1;7;0;2;1;19;1;
202200000658;812 804;B01;1;1;0;0;0;0;5;
202200000658;812 806;A01;1;7;0;9;0;26;0;
202200000659;812 803;A01;1;32;0;0;0;21;1;
202200000660;812 799;B01;2;7;0;2;4;2;1;
202200000660;812 801;A01;2;10;0;2;1;2;1;
202200000661;812 800;B01;3;7;0;2;3;1;1;
202200000661;812 802;A01;3;7;0;2;3;1;1;
202200000662;812 797;B01;2;7;0;0;6;1;1;
202200000662;812 798;A01;2;31;0;2;2;1;1;
202200000663;812 796;A01;1;7;0;1;3;1;1;
202200000664;812 793;B01;1;50;0;2;4;0;3;
202200000664;812 795;A01;2;7;0;2;7;9;1;
202200000665;812 792;A01;2;7;2;0;1;1;1;
202200000666;812 791;B01;2;7;0;2;1;1;-1;
202200000666;812 794;A01;1;7;0;2;1;1;-1;
202200000667;812 788;B01;2;7;0;2;1;1;1;
202200000667;812 790;A01;2;7;0;2;1;13;1;
202200000668;812 787;B01;1;1;12;2;8;19;5;
202200000668;812 789;A01;1;32;12;2;1;1;1;
202200000669;812 786;A01;1;99;13;0;1;1;1;
202200000670;812 783;B01;0;1;0;2;1;1;5;
202200000670;812 785;A01;0;7;0;2;4;1;1;
202200000671;812 782;A01;1;2;0;2;1;1;0;
202200000671;812 784;B01;1;7;0;2;3;13;1;
202200000672;812 779;A01;3;1;0;2;1;8;5;
202200000672;812 781;B01;0;7;0;2;2;15;0;
202200000673;812 778;B01;1;7;0;2;1;1;1;
202200000673;812 780;A01;3;7;0;2;1;1;1;
202200000674;812 777;A01;3;7;0;1;1;19;1;
202200000675;812 775;A01;3;7;0;1;2;15;1;
202200000676;812 773;A01;1;7;0;2;0;2;1;
202200000676;812 774;B01;1;7;0;2;3;15;1;
202200000677;812 772;A01;1;36;6;0;1;1;1;
202200000678;812 771;A01;3;1;0;2;1;19;5;
202200000678;812 776;B01;2;7;0;2;8;1;1;
202200000679;812 770;A01;1;7;15;0;1;1;1;
202200000680;812 768;A01;1;32;0;2;7;17;1;
202200000680;812 769;B01;1;7;0;2;6;1;1;
202200000681;812 765;A01;1;10;0;2;3;9;1;
202200000681;812 767;B01;2;7;0;2;1;1;1;
202200000682;812 764;A01;3;7;0;2;2;19;1;
202200000682;812 766;B01;3;7;0;2;2;21;1;
202200000683;812 763;A01;1;7;0;1;8;1;1;
202200000684;812 761;A01;2;1;0;0;1;1;5;
202200000685;812 760;B01;3;50;0;2;2;19;3;
202200000685;812 762;A01;1;7;0;2;3;1;2;
202200000686;812 756;A01;2;7;0;2;1;1;1;
202200000686;812 759;B01;2;7;0;2;1;1;1;
202200000687;812 755;A01;2;7;0;2;5;15;1;
202200000687;812 758;B01;1;37;0;0;2;1;0;2.0
202200000688;812 753;A01;2;7;0;2;1;1;1;
202200000689;812 752;A01;0;7;0;2;5;0;1;
202200000689;812 754;B01;1;1;0;2;1;1;5;
202200000690;812 751;A01;2;0;0;1;8;1;0;
202200000691;812 748;C01;3;7;0;9;3;15;1;
202200000691;812 750;B01;1;1;0;2;1;0;5;
202200000692;812 745;B01;3;1;0;2;1;1;5;
202200000692;812 746;A01;3;7;0;2;2;16;1;
202200000693;812 743;B01;1;1;12;0;0;0;5;
202200000693;812 744;A01;2;7;0;9;1;26;1;
202200000694;812 747;A01;2;7;0;2;4;9;1;
202200000694;812 749;B01;2;32;0;2;2;1;1;
202200000695;812 740;B01;1;7;0;2;1;1;1;
202200000695;812 741;A01;3;10;0;2;1;9;1;
202200000696;812 737;B01;1;7;0;2;1;2;1;
202200000696;812 739;A01;1;7;0;2;4;1;1;
202200000697;812 738;A01;0;7;8;0;1;1;1;
202200000698;812 736;A01;3;7;0;1;3;4;1;
202200000699;812 734;A01;2;7;0;1;1;26;2;
202200000700;812 730;B01;2;7;1;2;6;24;-1;
202200000700;812 731;A01;2;10;1;2;6;1;-1;
202200000701;812 727;A01;3;30;0;2;1;1;1;
202200000701;812 729;B01;3;7;0;2;4;1;1;
202200000702;812 724;D01;1;7;0;2;4;2;1;
202200000702;812 726;C01;1;7;0;2;4;2;1;
202200000702;812 728;B01;1;7;0;2;4;2;1;
202200000702;812 735;A01;1;10;0;2;1;1;1;
202200000703;812 722;B01;2;7;0;2;4;26;1;
202200000703;812 725;A01;2;7;0;2;1;26;1;
202200000704;812 721;B01;2;7;0;2;2;15;1;
202200000704;812 723;A01;1;7;0;2;2;1;1;
202200000705;812 720;A01;2;33;0;0;1;13;1;
202200000706;812 715;B01;2;7;0;2;6;1;1;
202200000706;812 717;A01;1;7;0;2;1;1;1;
202200000707;812 718;B01;2;7;0;2;6;1;0;
202200000707;812 719;A01;2;13;0;2;2;12;0;
202200000708;812 714;B01;3;33;-1;-1;-1;1;-1;
202200000708;812 716;A01;3;13;-1;-1;-1;1;-1;
202200000709;812 713;A01;1;7;0;1;4;4;1;
202200000710;812 711;A01;0;10;0;1;1;1;0;
202200000711;812 709;A01;1;7;0;2;5;12;0;
202200000711;812 712;B01;1;34;0;2;3;3;1;
202200000712;812 703;E01;2;7;0;2;4;2;1;
202200000712;812 705;D01;2;7;0;2;4;2;1;
202200000712;812 707;C01;2;7;0;2;4;2;1;
202200000712;812 708;B01;2;7;0;2;4;2;1;
202200000712;812 710;A01;2;7;0;2;1;2;1;
202200000713;812 700;A01;1;17;0;2;1;2;1;
202200000713;812 701;B01;1;7;0;2;4;2;2;
202200000713;812 702;D01;1;7;0;2;4;2;1;
202200000713;812 704;C01;1;7;0;2;4;2;1;
202200000713;812 706;E01;1;7;0;0;4;2;0;
202200000714;812 698;A01;1;7;0;1;1;1;1;
202200000715;812 699;A01;2;32;0;0;0;21;1;
202200000716;812 697;A01;1;80;0;0;7;26;3;
202200000717;812 691;A01;1;7;0;1;1;1;1;
202200000718;812 692;C01;0;7;0;2;8;1;1;
202200000718;812 694;B01;1;7;0;2;1;15;1;
202200000718;812 696;A01;3;7;12;2;1;1;1;
202200000719;812 690;C01;2;7;0;2;6;0;1;
202200000719;812 693;B01;2;33;0;2;8;11;1;
202200000719;812 695;A01;2;10;0;2;2;12;0;
202200000720;812 686;A01;1;7;0;2;3;19;1;
202200000720;812 688;B01;1;33;0;2;1;1;1;
202200000720;812 689;C01;1;7;0;2;6;24;1;
202200000721;812 684;A01;2;7;0;2;2;1;1;
202200000721;812 685;B01;2;7;0;2;5;2;1;
202200000721;812 687;Z01;2;10;0;0;0;0;0;
202200000722;812 682;A01;3;7;0;1;1;0;1;
202200000723;812 679;A01;1;10;0;2;1;2;1;
202200000723;812 681;B01;1;7;0;2;4;2;1;
202200000723;812 683;C01;1;10;0;2;4;2;1;
202200000724;812 680;A01;2;7;0;1;2;9;1;
202200000725;812 678;A01;0;7;0;1;1;1;1;
202200000726;812 673;A01;3;33;1;2;3;1;1;
202200000726;812 676;B01;3;7;0;2;3;23;1;
202200000727;812 672;B01;1;31;0;2;1;17;1;
202200000727;812 675;A01;2;7;0;2;1;15;1;
202200000728;812 674;A01;2;33;0;2;8;3;1;
202200000728;812 677;B01;2;10;0;2;5;11;1;
202200000729;812 668;A01;3;7;0;2;1;1;1;
202200000729;812 670;B01;1;7;0;2;8;1;1;
202200000730;812 669;B01;3;7;0;2;3;15;1;
202200000730;812 671;A01;3;1;0;2;7;17;5;
202200000731;812 663;B01;3;30;0;2;1;1;1;
202200000731;812 664;A01;3;7;0;0;5;15;1;
202200000732;812 662;B01;1;2;0;2;2;2;1;
202200000732;812 665;A01;1;7;0;2;1;2;1;
202200000733;812 661;A01;1;7;0;2;3;11;1;
202200000733;812 666;B01;1;7;0;2;2;1;1;
202200000733;812 667;C01;1;7;0;2;3;1;1;
202200000734;812 658;B01;-1;7;0;0;6;2;1;
202200000734;812 660;A01;0;33;0;0;1;2;6;
202200000735;812 657;B01;1;7;0;2;1;1;1;
202200000735;812 659;A01;1;7;0;2;8;26;1;
202200000736;812 652;C01;1;7;0;2;4;2;3;
202200000736;812 653;B01;1;7;0;2;4;1;1;
202200000736;812 655;A01;1;10;0;2;1;1;1;
202200000737;812 651;B01;3;1;0;2;1;2;5;
202200000737;812 654;A01;3;7;0;2;7;2;1;
202200000738;812 650;A01;1;7;0;2;5;1;1;
202200000738;812 656;B01;3;7;0;2;1;9;1;
202200000739;812 648;A01;1;7;0;1;1;1;1;
202200000740;812 647;B01;1;33;0;2;8;3;1;
202200000740;812 649;A01;1;7;0;2;7;12;1;
202200000741;812 641;B01;1;2;0;2;1;1;1;
202200000741;812 645;A01;1;7;0;2;3;20;1;
202200000742;812 643;B01;0;7;0;0;8;19;1;
202200000742;812 646;A01;0;7;0;0;1;2;1;
202200000743;812 638;E01;1;10;0;2;4;2;1;
202200000743;812 639;D01;1;10;0;2;4;2;1;
202200000743;812 640;C01;1;10;0;2;4;2;1;
202200000743;812 642;B01;1;15;0;2;4;2;1;
202200000743;812 644;A01;1;13;0;2;1;1;1;
202200000744;812 634;A01;2;2;0;2;1;2;1;
202200000744;812 635;B01;2;7;0;2;6;2;1;
202200000745;812 633;A01;1;7;4;0;1;1;1;
202200000746;812 631;B01;3;1;0;2;1;19;5;
202200000746;812 632;A01;3;7;0;2;2;15;1;
202200000747;812 629;B01;0;7;1;1;0;17;1;
202200000748;812 626;A01;2;33;4;2;3;3;1;
202200000748;812 628;B01;2;7;4;2;6;1;1;
202200000748;812 630;C01;2;7;4;2;8;1;2;
202200000749;812 625;A01;3;7;0;2;1;15;1;
202200000749;812 627;B01;3;33;0;2;8;1;1;
202200000750;812 622;B01;2;7;0;2;3;2;1;
202200000750;812 623;Z01;2;15;0;2;1;12;1;
202200000751;812 620;A01;3;1;0;2;1;25;5;
202200000751;812 621;B01;3;1;0;2;1;25;5;
202200000752;812 618;A01;0;7;0;2;3;19;1;
202200000752;812 624;B01;0;50;0;2;1;1;3;
202200000753;812 617;A01;1;33;0;2;7;3;1;
202200000753;812 619;B01;1;15;0;2;8;1;1;
202200000754;812 615;A01;2;33;0;2;1;1;1;
202200000754;812 616;B01;2;7;0;2;6;1;1;
202200000755;812 612;B01;1;15;0;2;2;12;1;
202200000755;812 614;A01;2;7;0;2;8;1;1;
202200000756;812 613;A01;1;7;0;1;2;16;1;
202200000757;812 609;A01;1;10;0;2;1;2;1;
202200000757;812 611;B01;1;14;0;2;4;1;1;
202200000758;812 606;A01;0;10;0;2;8;11;1;
202200000758;812 607;B01;0;33;0;2;7;3;1;
202200000759;812 605;Z01;0;7;0;1;2;1;1;
202200000760;812 608;A01;1;7;0;2;1;26;1;
202200000760;812 610;B01;1;7;0;0;4;12;1;
202200000761;812 602;A01;1;7;0;2;7;1;1;
202200000761;812 604;B01;1;50;0;2;1;1;3;
202200000762;812 601;A01;2;7;0;2;8;9;1;
202200000762;812 603;B01;1;50;0;2;1;1;3;
202200000763;812 599;A01;1;7;0;0;9;2;1;
202200000764;812 598;A01;1;7;0;2;3;26;1;
202200000764;812 600;B01;0;7;0;2;1;9;0;
202200000765;812 597;A01;1;2;0;1;1;1;1;
202200000766;812 596;A01;1;7;9;0;2;21;1;
202200000767;812 592;A01;3;7;1;0;0;0;1;
202200000767;812 594;B01;3;7;1;0;0;0;0;
202200000768;812 591;A01;1;7;0;2;4;23;1;
202200000768;812 593;B01;1;30;0;2;1;1;1;
202200000769;812 590;B01;0;2;0;2;1;0;6;
202200000769;812 595;A01;3;7;0;2;2;15;1;
202200000770;812 587;B01;1;1;0;0;0;0;5;
202200000770;812 589;A01;1;10;1;2;3;2;1;
202200000771;812 586;B01;0;7;0;2;5;0;1;
202200000771;812 588;A01;0;30;1;0;0;13;1;
202200000772;812 584;A01;1;7;0;1;1;1;1;
202200000773;812 583;B01;1;7;0;2;6;1;1;
202200000773;812 585;A01;1;14;0;2;2;1;1;
202200000774;812 581;B01;1;7;0;2;7;1;1;
202200000774;812 582;A01;1;2;0;2;1;5;1;
202200000775;812 578;A01;1;7;0;2;7;15;1;
202200000775;812 580;B01;2;33;0;2;1;1;1;
202200000776;812 574;A01;1;10;0;2;7;19;1;
202200000776;812 576;B01;2;2;0;2;1;1;1;
202200000777;812 573;B01;2;7;0;2;8;1;1;
202200000777;812 577;A01;2;7;0;2;1;1;1;
202200000778;812 572;B01;2;33;0;2;1;1;1;
202200000778;812 575;A01;1;7;0;2;7;15;1;
202200000779;812 569;A01;0;7;0;2;3;15;1;
202200000779;812 571;B01;0;2;0;2;7;1;1;
202200000780;812 565;C01;2;7;0;2;4;1;1;
202200000780;812 567;A01;2;32;0;2;1;1;1;
202200000780;812 570;B01;2;7;0;2;4;1;6;
202200000781;812 564;A01;1;33;0;2;1;1;1;
202200000781;812 566;B01;1;7;0;2;8;15;1;
202200000781;812 568;C01;1;7;0;2;8;1;1;
202200000782;812 562;A01;0;10;0;2;3;26;0;
202200000782;812 563;B01;0;2;0;2;7;26;1;
202200000783;812 559;A01;2;7;0;2;0;0;1;
202200000783;812 561;B01;2;50;0;2;2;0;3;
202200000784;812 557;B01;1;1;0;2;1;1;5;
202200000784;812 560;A01;1;7;0;2;8;9;1;
202200000785;812 556;B01;2;10;0;2;4;1;1;
202200000785;812 558;A01;2;31;0;2;1;1;1;
202200000786;812 554;A01;2;10;0;2;1;15;3;
202200000786;812 555;B01;2;7;0;2;6;15;1;
202200000787;812 550;B01;2;1;0;2;8;13;5;
202200000787;812 552;A01;2;7;0;9;7;17;1;
202200000788;812 551;B01;1;1;0;2;3;1;5;
202200000788;812 553;A01;1;14;0;2;3;16;1;
202200000789;812 549;A01;3;7;0;1;1;1;1;
202200000790;812 547;A01;2;7;0;0;0;17;0;
202200000791;812 546;A01;2;7;12;1;2;2;3;
202200000792;812 545;A01;3;7;0;2;8;19;1;
202200000792;812 548;B01;3;7;0;2;1;19;1;
202200000793;812 543;B01;1;7;0;2;4;2;1;
202200000793;812 544;A01;1;31;0;2;1;2;1;
202200000794;812 540;B01;3;15;0;2;7;16;1;
202200000794;812 542;A01;0;7;0;2;8;18;1;
202200000795;812 535;A01;2;7;0;2;3;1;1;
202200000795;812 541;B01;1;7;0;2;3;15;1;
202200000796;812 534;B01;3;43;0;2;1;1;1;
202200000796;812 536;A01;3;7;0;2;7;15;1;
202200000797;812 531;B01;0;7;0;2;6;26;0;
202200000797;812 533;A01;1;7;1;0;2;14;1;
202200000798;812 529;B01;1;7;0;2;6;15;1;
202200000798;812 532;A01;2;30;0;2;1;1;3;
202200000799;812 528;A01;3;7;0;1;1;1;2;
202200000800;812 527;A01;1;7;0;2;7;1;1;
202200000800;812 530;B01;2;7;0;2;1;1;1;
202200000801;812 523;B01;2;30;0;2;8;0;1;
202200000801;812 526;A01;2;7;0;2;1;19;1;
202200000802;812 522;B01;0;7;0;2;1;0;1;
202200000802;812 525;A01;2;33;0;2;2;1;1;
202200000803;812 521;A01;2;7;0;2;2;1;2;
202200000803;812 524;B01;0;7;0;2;3;16;1;
202200000804;812 518;A01;3;33;14;0;1;19;1;
202200000805;812 517;B01;1;7;0;2;7;9;1;
202200000805;812 520;A01;1;7;0;2;7;1;1;
202200000806;812 516;A01;1;30;0;2;1;7;1;
202200000806;812 519;B01;1;7;0;2;2;9;1;
202200000807;812 513;A01;1;0;0;2;3;17;0;
202200000807;812 515;B01;2;7;0;2;3;26;1;
202200000808;812 512;A01;1;7;0;2;3;19;0;
202200000808;812 514;B01;2;2;0;2;8;1;0;
202200000809;812 511;A01;2;7;6;0;3;19;1;
202200000810;812 510;A01;3;7;0;0;1;14;1;
202200000811;812 507;A01;1;7;0;2;2;16;1;
202200000811;812 509;B01;1;1;0;2;8;16;5;
202200000812;812 504;A01;1;33;0;2;1;17;1;
202200000812;812 506;B01;1;10;0;2;3;15;1;
202200000813;812 505;B01;1;2;0;2;1;1;1;
202200000813;812 508;A01;1;2;0;2;8;21;1;
202200000814;812 503;A01;1;7;8;0;9;14;1;
202200000815;812 502;A01;3;7;8;0;1;15;1;
202200000816;812 499;A01;2;7;0;2;2;1;1;
202200000816;812 501;B01;1;50;0;2;8;1;3;
202200000817;812 498;B01;1;1;0;2;4;26;5;
202200000817;812 500;A01;1;7;0;2;4;26;1;
202200000818;812 496;A01;1;10;0;2;3;15;1;
202200000818;812 497;B01;2;30;0;2;1;1;1;
202200000819;812 492;B01;3;1;0;2;7;1;0;
202200000819;812 495;A01;0;7;0;2;1;9;1;
202200000820;812 493;B01;2;7;0;2;1;1;1;
202200000820;812 494;A01;3;2;0;2;8;9;1;
202200000821;812 491;A01;3;14;0;1;4;4;1;
202200000822;812 489;B01;0;31;0;2;0;0;1;
202200000822;812 490;A01;0;7;0;2;0;15;1;
202200000823;812 487;A01;2;14;0;2;2;12;1;
202200000823;812 488;B01;2;7;0;2;8;1;1;
202200000824;812 484;A01;2;7;0;4;3;1;1;
202200000824;812 486;B01;1;39;0;2;1;1;2;
202200000825;812 482;B01;1;7;0;2;1;1;1;
202200000825;812 485;A01;1;80;0;2;1;15;3;
202200000826;812 481;B01;1;32;0;2;5;3;1;
202200000826;812 483;A01;1;7;0;2;8;11;1;
202200000827;812 479;B01;1;1;0;2;8;0;5;
202200000827;812 480;A01;1;7;0;2;5;9;1;
202200000828;812 475;A01;3;7;0;2;1;2;1;
202200000828;812 477;B01;3;7;0;2;4;2;1;
202200000828;812 478;C01;3;7;0;2;4;2;1;
202200000829;812 474;B01;2;10;0;2;5;1;1;
202200000829;812 476;A01;2;33;0;2;3;3;1;
202200000830;812 471;A01;1;7;0;2;3;19;1;
202200000830;812 473;B01;1;32;0;2;2;19;0;
202200000831;812 469;B01;2;1;0;2;7;1;5;
202200000831;812 472;A01;2;10;0;2;1;9;1;
202200000832;812 468;A01;2;43;0;2;1;2;1;
202200000832;812 470;B01;2;33;0;2;4;23;1;
202200000833;812 465;A01;1;1;0;2;8;19;5;
202200000833;812 466;B01;1;7;0;2;1;1;1;
202200000834;812 464;A01;1;7;0;2;1;15;1;
202200000834;812 467;B01;1;2;0;2;8;2;1;
202200000835;812 463;A01;2;7;1;0;1;14;1;
202200000836;812 461;A01;1;14;0;2;1;2;1;
202200000836;812 462;B01;1;7;0;2;4;2;1;
202200000837;812 458;A01;0;34;0;2;1;1;1;
202200000837;812 460;B01;0;3;0;2;1;15;1;
202200000838;812 459;A01;1;1;0;0;1;1;5;
202200000839;812 454;B01;1;7;0;2;1;1;1;
202200000839;812 457;A01;1;7;0;2;8;9;1;
202200000840;812 453;B01;1;7;0;2;1;1;1;
202200000840;812 456;A01;2;7;0;2;1;5;1;
202200000841;812 452;B01;2;1;0;2;8;11;5;
202200000841;812 455;A01;2;7;0;2;2;1;1;
202200000842;812 451;A01;1;7;3;0;2;1;1;
202200000843;812 448;A01;1;7;0;2;3;15;1;
202200000843;812 450;B01;0;1;0;2;1;19;5;
202200000844;812 447;A01;2;7;0;2;6;10;1;
202200000844;812 449;B01;2;50;0;2;1;1;3;
202200000845;812 446;A01;2;7;13;0;3;1;1;
202200000846;812 445;A01;1;7;0;1;2;1;1;
202200000847;812 443;A01;2;33;0;2;2;17;1;
202200000847;812 444;B01;2;33;0;2;8;1;1;
202200000848;812 442;A01;1;7;0;1;1;1;1;
202200000849;812 440;B01;3;7;0;2;8;1;1;
202200000849;812 441;A01;3;2;0;2;7;1;1;
202200000850;812 437;A01;1;7;1;0;1;1;1;
202200000851;812 436;A01;2;43;0;2;1;1;1;
202200000851;812 438;B01;2;7;0;2;5;23;1;
202200000852;812 435;B01;1;7;0;2;1;1;1;
202200000852;812 439;A01;2;7;0;2;1;13;1;
202200000853;812 434;A01;1;7;0;1;2;17;1;
202200000854;812 430;C01;1;7;0;2;8;1;1;
202200000854;812 432;B01;2;10;0;2;3;1;1;
202200000854;812 433;A01;2;33;0;2;8;17;1;
202200000855;812 429;A01;1;7;0;1;1;1;1;
202200000856;812 428;B01;2;7;0;2;4;2;1;
202200000856;812 431;A01;2;7;0;2;1;2;1;
202200000857;812 426;A01;1;7;0;1;1;20;1;
202200000858;812 424;B01;2;1;0;2;8;26;5;
202200000858;812 427;A01;2;7;0;9;5;12;1;
202200000859;812 423;A01;1;7;0;2;1;1;1;
202200000859;812 425;B01;2;80;0;2;3;9;3;
202200000860;812 422;A01;2;50;9;0;1;1;3;
202200000861;812 421;A01;1;37;0;1;2;2;0;1.0
202200000862;812 419;A01;2;50;12;0;1;9;3;
202200000863;812 418;B01;3;50;0;2;2;19;3;
202200000863;812 420;A01;2;7;0;2;1;9;2;
202200000864;812 413;B01;1;7;0;2;0;1;2;
202200000864;812 415;A01;1;30;0;2;1;15;1;
202200000865;812 414;A01;1;7;8;1;2;20;1;
202200000866;812 409;A01;1;10;0;2;1;2;1;
202200000866;812 410;B01;1;7;0;2;4;2;1;
202200000867;812 406;A01;1;10;0;1;1;1;1;
202200000868;812 403;A01;1;7;0;1;2;1;1;
202200000869;812 405;Z01;2;34;0;1;1;1;1;
